2025-09-01 02:39:25,570 - urllib3.connectionpool - DEBUG - Starting new HTTPS connection (1): raw.githubusercontent.com:443
2025-09-01 02:39:25,625 - urllib3.connectionpool - DEBUG - https://raw.githubusercontent.com:443 "GET /WebBreacher/WhatsMyName/main/wmn-data.json HTTP/1.1" 200 45832
2025-09-01 02:39:25,658 - asyncio - DEBUG - Using proactor: IocpProactor
2025-09-01 02:39:26,849 - root - ERROR - Error in Async HTTP Request [GET] https://sexworker.com/api/profile/zal800 | Cannot connect to host sexworker.com:443 ssl:False [getaddrinfo failed]
2025-09-01 02:39:26,849 - root - ERROR - Traceback (most recent call last):
  File "C:\Users\zal80\AppData\Local\Programs\Python\Python313\Lib\site-packages\aiohttp\connector.py", line 1512, in _create_direct_connection
    hosts = await self._resolve_host(host, port, traces=traces)
            ^^^^^^^^^^^^^^^^^^^^^^^^^^^^^^^^^^^^^^^^^^^^^^^^^^^
  File "C:\Users\zal80\AppData\Local\Programs\Python\Python313\Lib\site-packages\aiohttp\connector.py", line 1128, in _resolve_host
    return await asyncio.shield(resolved_host_task)
           ^^^^^^^^^^^^^^^^^^^^^^^^^^^^^^^^^^^^^^^^
  File "C:\Users\zal80\AppData\Local\Programs\Python\Python313\Lib\site-packages\aiohttp\connector.py", line 1159, in _resolve_host_with_throttle
    addrs = await self._resolver.resolve(host, port, family=self._family)
            ^^^^^^^^^^^^^^^^^^^^^^^^^^^^^^^^^^^^^^^^^^^^^^^^^^^^^^^^^^^^^
  File "C:\Users\zal80\AppData\Local\Programs\Python\Python313\Lib\site-packages\aiohttp\resolver.py", line 40, in resolve
    infos = await self._loop.getaddrinfo(
            ^^^^^^^^^^^^^^^^^^^^^^^^^^^^^
    ...<5 lines>...
    )
    ^
  File "C:\Users\zal80\AppData\Local\Programs\Python\Python313\Lib\asyncio\base_events.py", line 939, in getaddrinfo
    return await self.run_in_executor(
           ^^^^^^^^^^^^^^^^^^^^^^^^^^^
        None, getaddr_func, host, port, family, type, proto, flags)
        ^^^^^^^^^^^^^^^^^^^^^^^^^^^^^^^^^^^^^^^^^^^^^^^^^^^^^^^^^^^
  File "C:\Users\zal80\AppData\Local\Programs\Python\Python313\Lib\concurrent\futures\thread.py", line 59, in run
    result = self.fn(*self.args, **self.kwargs)
  File "C:\Users\zal80\AppData\Local\Programs\Python\Python313\Lib\socket.py", line 977, in getaddrinfo
    for res in _socket.getaddrinfo(host, port, family, type, proto, flags):
               ~~~~~~~~~~~~~~~~~~~^^^^^^^^^^^^^^^^^^^^^^^^^^^^^^^^^^^^^^^^
socket.gaierror: [Errno 11001] getaddrinfo failed

The above exception was the direct cause of the following exception:

Traceback (most recent call last):
  File "C:\Users\zal80\blackbird\src\modules\utils\http_client.py", line 53, in do_async_request
    response = await session.request(
               ^^^^^^^^^^^^^^^^^^^^^^
    ...<9 lines>...
    )
    ^
  File "C:\Users\zal80\AppData\Local\Programs\Python\Python313\Lib\site-packages\aiohttp\client.py", line 770, in _request
    resp = await handler(req)
           ^^^^^^^^^^^^^^^^^^
  File "C:\Users\zal80\AppData\Local\Programs\Python\Python313\Lib\site-packages\aiohttp\client.py", line 725, in _connect_and_send_request
    conn = await self._connector.connect(
           ^^^^^^^^^^^^^^^^^^^^^^^^^^^^^^
        req, traces=traces, timeout=real_timeout
        ^^^^^^^^^^^^^^^^^^^^^^^^^^^^^^^^^^^^^^^^
    )
    ^
  File "C:\Users\zal80\AppData\Local\Programs\Python\Python313\Lib\site-packages\aiohttp\connector.py", line 622, in connect
    proto = await self._create_connection(req, traces, timeout)
            ^^^^^^^^^^^^^^^^^^^^^^^^^^^^^^^^^^^^^^^^^^^^^^^^^^^
  File "C:\Users\zal80\AppData\Local\Programs\Python\Python313\Lib\site-packages\aiohttp\connector.py", line 1189, in _create_connection
    _, proto = await self._create_direct_connection(req, traces, timeout)
               ^^^^^^^^^^^^^^^^^^^^^^^^^^^^^^^^^^^^^^^^^^^^^^^^^^^^^^^^^^
  File "C:\Users\zal80\AppData\Local\Programs\Python\Python313\Lib\site-packages\aiohttp\connector.py", line 1518, in _create_direct_connection
    raise ClientConnectorDNSError(req.connection_key, exc) from exc
aiohttp.client_exceptions.ClientConnectorDNSError: Cannot connect to host sexworker.com:443 ssl:False [getaddrinfo failed]

2025-09-01 02:39:27,765 - root - ERROR - Error in Async HTTP Request [GET] https://friendfinder.com/profile/zal800 | Cannot connect to host friendfinder.com:443 ssl:False [[SSL: UNSAFE_LEGACY_RENEGOTIATION_DISABLED] unsafe legacy renegotiation disabled (_ssl.c:1028)]
2025-09-01 02:39:27,765 - root - ERROR - Traceback (most recent call last):
  File "C:\Users\zal80\AppData\Local\Programs\Python\Python313\Lib\site-packages\aiohttp\connector.py", line 1263, in _wrap_create_connection
    return await self._loop.create_connection(*args, **kwargs, sock=sock)
           ^^^^^^^^^^^^^^^^^^^^^^^^^^^^^^^^^^^^^^^^^^^^^^^^^^^^^^^^^^^^^^
  File "C:\Users\zal80\AppData\Local\Programs\Python\Python313\Lib\asyncio\base_events.py", line 1193, in create_connection
    transport, protocol = await self._create_connection_transport(
                          ^^^^^^^^^^^^^^^^^^^^^^^^^^^^^^^^^^^^^^^^
    ...<2 lines>...
        ssl_shutdown_timeout=ssl_shutdown_timeout)
        ^^^^^^^^^^^^^^^^^^^^^^^^^^^^^^^^^^^^^^^^^^
  File "C:\Users\zal80\AppData\Local\Programs\Python\Python313\Lib\asyncio\base_events.py", line 1226, in _create_connection_transport
    await waiter
  File "C:\Users\zal80\AppData\Local\Programs\Python\Python313\Lib\asyncio\sslproto.py", line 581, in _on_handshake_complete
    raise handshake_exc
  File "C:\Users\zal80\AppData\Local\Programs\Python\Python313\Lib\asyncio\sslproto.py", line 563, in _do_handshake
    self._sslobj.do_handshake()
    ~~~~~~~~~~~~~~~~~~~~~~~~~^^
  File "C:\Users\zal80\AppData\Local\Programs\Python\Python313\Lib\ssl.py", line 951, in do_handshake
    self._sslobj.do_handshake()
    ~~~~~~~~~~~~~~~~~~~~~~~~~^^
ssl.SSLError: [SSL: UNSAFE_LEGACY_RENEGOTIATION_DISABLED] unsafe legacy renegotiation disabled (_ssl.c:1028)

The above exception was the direct cause of the following exception:

Traceback (most recent call last):
  File "C:\Users\zal80\blackbird\src\modules\utils\http_client.py", line 53, in do_async_request
    response = await session.request(
               ^^^^^^^^^^^^^^^^^^^^^^
    ...<9 lines>...
    )
    ^
  File "C:\Users\zal80\AppData\Local\Programs\Python\Python313\Lib\site-packages\aiohttp\client.py", line 770, in _request
    resp = await handler(req)
           ^^^^^^^^^^^^^^^^^^
  File "C:\Users\zal80\AppData\Local\Programs\Python\Python313\Lib\site-packages\aiohttp\client.py", line 725, in _connect_and_send_request
    conn = await self._connector.connect(
           ^^^^^^^^^^^^^^^^^^^^^^^^^^^^^^
        req, traces=traces, timeout=real_timeout
        ^^^^^^^^^^^^^^^^^^^^^^^^^^^^^^^^^^^^^^^^
    )
    ^
  File "C:\Users\zal80\AppData\Local\Programs\Python\Python313\Lib\site-packages\aiohttp\connector.py", line 622, in connect
    proto = await self._create_connection(req, traces, timeout)
            ^^^^^^^^^^^^^^^^^^^^^^^^^^^^^^^^^^^^^^^^^^^^^^^^^^^
  File "C:\Users\zal80\AppData\Local\Programs\Python\Python313\Lib\site-packages\aiohttp\connector.py", line 1189, in _create_connection
    _, proto = await self._create_direct_connection(req, traces, timeout)
               ^^^^^^^^^^^^^^^^^^^^^^^^^^^^^^^^^^^^^^^^^^^^^^^^^^^^^^^^^^
  File "C:\Users\zal80\AppData\Local\Programs\Python\Python313\Lib\site-packages\aiohttp\connector.py", line 1561, in _create_direct_connection
    raise last_exc
  File "C:\Users\zal80\AppData\Local\Programs\Python\Python313\Lib\site-packages\aiohttp\connector.py", line 1530, in _create_direct_connection
    transp, proto = await self._wrap_create_connection(
                    ^^^^^^^^^^^^^^^^^^^^^^^^^^^^^^^^^^^
    ...<7 lines>...
    )
    ^
  File "C:\Users\zal80\AppData\Local\Programs\Python\Python313\Lib\site-packages\aiohttp\connector.py", line 1267, in _wrap_create_connection
    raise ClientConnectorSSLError(req.connection_key, exc) from exc
aiohttp.client_exceptions.ClientConnectorSSLError: Cannot connect to host friendfinder.com:443 ssl:False [[SSL: UNSAFE_LEGACY_RENEGOTIATION_DISABLED] unsafe legacy renegotiation disabled (_ssl.c:1028)]

2025-09-01 02:39:29,206 - root - ERROR - Error in Async HTTP Request [GET] https://cracked.io/zal800 | Cannot connect to host cracked.io:443 ssl:False [getaddrinfo failed]
2025-09-01 02:39:29,206 - root - ERROR - Traceback (most recent call last):
  File "C:\Users\zal80\AppData\Local\Programs\Python\Python313\Lib\site-packages\aiohttp\connector.py", line 1512, in _create_direct_connection
    hosts = await self._resolve_host(host, port, traces=traces)
            ^^^^^^^^^^^^^^^^^^^^^^^^^^^^^^^^^^^^^^^^^^^^^^^^^^^
  File "C:\Users\zal80\AppData\Local\Programs\Python\Python313\Lib\site-packages\aiohttp\connector.py", line 1128, in _resolve_host
    return await asyncio.shield(resolved_host_task)
           ^^^^^^^^^^^^^^^^^^^^^^^^^^^^^^^^^^^^^^^^
  File "C:\Users\zal80\AppData\Local\Programs\Python\Python313\Lib\site-packages\aiohttp\connector.py", line 1159, in _resolve_host_with_throttle
    addrs = await self._resolver.resolve(host, port, family=self._family)
            ^^^^^^^^^^^^^^^^^^^^^^^^^^^^^^^^^^^^^^^^^^^^^^^^^^^^^^^^^^^^^
  File "C:\Users\zal80\AppData\Local\Programs\Python\Python313\Lib\site-packages\aiohttp\resolver.py", line 40, in resolve
    infos = await self._loop.getaddrinfo(
            ^^^^^^^^^^^^^^^^^^^^^^^^^^^^^
    ...<5 lines>...
    )
    ^
  File "C:\Users\zal80\AppData\Local\Programs\Python\Python313\Lib\asyncio\base_events.py", line 939, in getaddrinfo
    return await self.run_in_executor(
           ^^^^^^^^^^^^^^^^^^^^^^^^^^^
        None, getaddr_func, host, port, family, type, proto, flags)
        ^^^^^^^^^^^^^^^^^^^^^^^^^^^^^^^^^^^^^^^^^^^^^^^^^^^^^^^^^^^
  File "C:\Users\zal80\AppData\Local\Programs\Python\Python313\Lib\concurrent\futures\thread.py", line 59, in run
    result = self.fn(*self.args, **self.kwargs)
  File "C:\Users\zal80\AppData\Local\Programs\Python\Python313\Lib\socket.py", line 977, in getaddrinfo
    for res in _socket.getaddrinfo(host, port, family, type, proto, flags):
               ~~~~~~~~~~~~~~~~~~~^^^^^^^^^^^^^^^^^^^^^^^^^^^^^^^^^^^^^^^^
socket.gaierror: [Errno 11002] getaddrinfo failed

The above exception was the direct cause of the following exception:

Traceback (most recent call last):
  File "C:\Users\zal80\blackbird\src\modules\utils\http_client.py", line 53, in do_async_request
    response = await session.request(
               ^^^^^^^^^^^^^^^^^^^^^^
    ...<9 lines>...
    )
    ^
  File "C:\Users\zal80\AppData\Local\Programs\Python\Python313\Lib\site-packages\aiohttp\client.py", line 770, in _request
    resp = await handler(req)
           ^^^^^^^^^^^^^^^^^^
  File "C:\Users\zal80\AppData\Local\Programs\Python\Python313\Lib\site-packages\aiohttp\client.py", line 725, in _connect_and_send_request
    conn = await self._connector.connect(
           ^^^^^^^^^^^^^^^^^^^^^^^^^^^^^^
        req, traces=traces, timeout=real_timeout
        ^^^^^^^^^^^^^^^^^^^^^^^^^^^^^^^^^^^^^^^^
    )
    ^
  File "C:\Users\zal80\AppData\Local\Programs\Python\Python313\Lib\site-packages\aiohttp\connector.py", line 622, in connect
    proto = await self._create_connection(req, traces, timeout)
            ^^^^^^^^^^^^^^^^^^^^^^^^^^^^^^^^^^^^^^^^^^^^^^^^^^^
  File "C:\Users\zal80\AppData\Local\Programs\Python\Python313\Lib\site-packages\aiohttp\connector.py", line 1189, in _create_connection
    _, proto = await self._create_direct_connection(req, traces, timeout)
               ^^^^^^^^^^^^^^^^^^^^^^^^^^^^^^^^^^^^^^^^^^^^^^^^^^^^^^^^^^
  File "C:\Users\zal80\AppData\Local\Programs\Python\Python313\Lib\site-packages\aiohttp\connector.py", line 1518, in _create_direct_connection
    raise ClientConnectorDNSError(req.connection_key, exc) from exc
aiohttp.client_exceptions.ClientConnectorDNSError: Cannot connect to host cracked.io:443 ssl:False [getaddrinfo failed]

2025-09-01 02:39:30,697 - root - ERROR - Error in Async HTTP Request [GET] https://www.gtainside.com/user/zal800 | Cannot connect to host www.gtainside.com:443 ssl:False [getaddrinfo failed]
2025-09-01 02:39:30,697 - root - ERROR - Traceback (most recent call last):
  File "C:\Users\zal80\AppData\Local\Programs\Python\Python313\Lib\site-packages\aiohttp\connector.py", line 1512, in _create_direct_connection
    hosts = await self._resolve_host(host, port, traces=traces)
            ^^^^^^^^^^^^^^^^^^^^^^^^^^^^^^^^^^^^^^^^^^^^^^^^^^^
  File "C:\Users\zal80\AppData\Local\Programs\Python\Python313\Lib\site-packages\aiohttp\connector.py", line 1128, in _resolve_host
    return await asyncio.shield(resolved_host_task)
           ^^^^^^^^^^^^^^^^^^^^^^^^^^^^^^^^^^^^^^^^
  File "C:\Users\zal80\AppData\Local\Programs\Python\Python313\Lib\site-packages\aiohttp\connector.py", line 1159, in _resolve_host_with_throttle
    addrs = await self._resolver.resolve(host, port, family=self._family)
            ^^^^^^^^^^^^^^^^^^^^^^^^^^^^^^^^^^^^^^^^^^^^^^^^^^^^^^^^^^^^^
  File "C:\Users\zal80\AppData\Local\Programs\Python\Python313\Lib\site-packages\aiohttp\resolver.py", line 40, in resolve
    infos = await self._loop.getaddrinfo(
            ^^^^^^^^^^^^^^^^^^^^^^^^^^^^^
    ...<5 lines>...
    )
    ^
  File "C:\Users\zal80\AppData\Local\Programs\Python\Python313\Lib\asyncio\base_events.py", line 939, in getaddrinfo
    return await self.run_in_executor(
           ^^^^^^^^^^^^^^^^^^^^^^^^^^^
        None, getaddr_func, host, port, family, type, proto, flags)
        ^^^^^^^^^^^^^^^^^^^^^^^^^^^^^^^^^^^^^^^^^^^^^^^^^^^^^^^^^^^
  File "C:\Users\zal80\AppData\Local\Programs\Python\Python313\Lib\concurrent\futures\thread.py", line 59, in run
    result = self.fn(*self.args, **self.kwargs)
  File "C:\Users\zal80\AppData\Local\Programs\Python\Python313\Lib\socket.py", line 977, in getaddrinfo
    for res in _socket.getaddrinfo(host, port, family, type, proto, flags):
               ~~~~~~~~~~~~~~~~~~~^^^^^^^^^^^^^^^^^^^^^^^^^^^^^^^^^^^^^^^^
socket.gaierror: [Errno 11001] getaddrinfo failed

The above exception was the direct cause of the following exception:

Traceback (most recent call last):
  File "C:\Users\zal80\blackbird\src\modules\utils\http_client.py", line 53, in do_async_request
    response = await session.request(
               ^^^^^^^^^^^^^^^^^^^^^^
    ...<9 lines>...
    )
    ^
  File "C:\Users\zal80\AppData\Local\Programs\Python\Python313\Lib\site-packages\aiohttp\client.py", line 770, in _request
    resp = await handler(req)
           ^^^^^^^^^^^^^^^^^^
  File "C:\Users\zal80\AppData\Local\Programs\Python\Python313\Lib\site-packages\aiohttp\client.py", line 725, in _connect_and_send_request
    conn = await self._connector.connect(
           ^^^^^^^^^^^^^^^^^^^^^^^^^^^^^^
        req, traces=traces, timeout=real_timeout
        ^^^^^^^^^^^^^^^^^^^^^^^^^^^^^^^^^^^^^^^^
    )
    ^
  File "C:\Users\zal80\AppData\Local\Programs\Python\Python313\Lib\site-packages\aiohttp\connector.py", line 622, in connect
    proto = await self._create_connection(req, traces, timeout)
            ^^^^^^^^^^^^^^^^^^^^^^^^^^^^^^^^^^^^^^^^^^^^^^^^^^^
  File "C:\Users\zal80\AppData\Local\Programs\Python\Python313\Lib\site-packages\aiohttp\connector.py", line 1189, in _create_connection
    _, proto = await self._create_direct_connection(req, traces, timeout)
               ^^^^^^^^^^^^^^^^^^^^^^^^^^^^^^^^^^^^^^^^^^^^^^^^^^^^^^^^^^
  File "C:\Users\zal80\AppData\Local\Programs\Python\Python313\Lib\site-packages\aiohttp\connector.py", line 1518, in _create_direct_connection
    raise ClientConnectorDNSError(req.connection_key, exc) from exc
aiohttp.client_exceptions.ClientConnectorDNSError: Cannot connect to host www.gtainside.com:443 ssl:False [getaddrinfo failed]

2025-09-01 02:39:32,349 - chardet.charsetprober - DEBUG - SHIFT_JIS Japanese prober hit error at byte 377
2025-09-01 02:39:32,350 - chardet.charsetprober - DEBUG - EUC-JP Japanese prober hit error at byte 377
2025-09-01 02:39:32,350 - chardet.charsetprober - DEBUG - GB2312 Chinese prober hit error at byte 377
2025-09-01 02:39:32,350 - chardet.charsetprober - DEBUG - EUC-KR Korean prober hit error at byte 377
2025-09-01 02:39:32,350 - chardet.charsetprober - DEBUG - CP949 Korean prober hit error at byte 377
2025-09-01 02:39:32,351 - chardet.charsetprober - DEBUG - Big5 Chinese prober hit error at byte 377
2025-09-01 02:39:32,351 - chardet.charsetprober - DEBUG - EUC-TW Taiwan prober hit error at byte 377
2025-09-01 02:39:32,351 - chardet.charsetprober - DEBUG - Johab Korean prober hit error at byte 377
2025-09-01 02:39:32,360 - chardet.charsetprober - DEBUG - windows-1251 Russian confidence = 0.012877541096307624
2025-09-01 02:39:32,360 - chardet.charsetprober - DEBUG - KOI8-R Russian confidence = 0.012877541096307624
2025-09-01 02:39:32,360 - chardet.charsetprober - DEBUG - ISO-8859-5 Russian confidence = 0.0
2025-09-01 02:39:32,360 - chardet.charsetprober - DEBUG - MacCyrillic Russian confidence = 0.02216032038138003
2025-09-01 02:39:32,360 - chardet.charsetprober - DEBUG - IBM866 Russian confidence = 0.0
2025-09-01 02:39:32,360 - chardet.charsetprober - DEBUG - IBM855 Russian confidence = 0.0
2025-09-01 02:39:32,360 - chardet.charsetprober - DEBUG - ISO-8859-7 Greek confidence = 0.020896821123915565
2025-09-01 02:39:32,360 - chardet.charsetprober - DEBUG - windows-1253 Greek confidence = 0.025257914327950205
2025-09-01 02:39:32,360 - chardet.charsetprober - DEBUG - ISO-8859-5 Bulgarian confidence = 0.0062686292664202795
2025-09-01 02:39:32,360 - chardet.charsetprober - DEBUG - windows-1251 Bulgarian confidence = 0.0
2025-09-01 02:39:32,360 - chardet.charsetprober - DEBUG - TIS-620 Thai confidence = 0.01
2025-09-01 02:39:32,360 - chardet.charsetprober - DEBUG - ISO-8859-9 Turkish confidence = 0.40002165578332294
2025-09-01 02:39:32,360 - chardet.charsetprober - DEBUG - ISO-8859-8 Hebrew confidence = 0.0
2025-09-01 02:39:32,360 - chardet.charsetprober - DEBUG - ISO-8859-8 Hebrew confidence = 0.05016178562460793
2025-09-01 02:39:32,360 - chardet.charsetprober - DEBUG - ISO-8859-8 Hebrew confidence = 0.046094613817207294
2025-09-01 02:39:32,913 - root - ERROR - Error in Async HTTP Request [GET] https://teddysgirls.net/models/zal800 | Cannot connect to host teddysgirls.net:443 ssl:False [getaddrinfo failed]
2025-09-01 02:39:32,913 - root - ERROR - Traceback (most recent call last):
  File "C:\Users\zal80\AppData\Local\Programs\Python\Python313\Lib\site-packages\aiohttp\connector.py", line 1512, in _create_direct_connection
    hosts = await self._resolve_host(host, port, traces=traces)
            ^^^^^^^^^^^^^^^^^^^^^^^^^^^^^^^^^^^^^^^^^^^^^^^^^^^
  File "C:\Users\zal80\AppData\Local\Programs\Python\Python313\Lib\site-packages\aiohttp\connector.py", line 1128, in _resolve_host
    return await asyncio.shield(resolved_host_task)
           ^^^^^^^^^^^^^^^^^^^^^^^^^^^^^^^^^^^^^^^^
  File "C:\Users\zal80\AppData\Local\Programs\Python\Python313\Lib\site-packages\aiohttp\connector.py", line 1159, in _resolve_host_with_throttle
    addrs = await self._resolver.resolve(host, port, family=self._family)
            ^^^^^^^^^^^^^^^^^^^^^^^^^^^^^^^^^^^^^^^^^^^^^^^^^^^^^^^^^^^^^
  File "C:\Users\zal80\AppData\Local\Programs\Python\Python313\Lib\site-packages\aiohttp\resolver.py", line 40, in resolve
    infos = await self._loop.getaddrinfo(
            ^^^^^^^^^^^^^^^^^^^^^^^^^^^^^
    ...<5 lines>...
    )
    ^
  File "C:\Users\zal80\AppData\Local\Programs\Python\Python313\Lib\asyncio\base_events.py", line 939, in getaddrinfo
    return await self.run_in_executor(
           ^^^^^^^^^^^^^^^^^^^^^^^^^^^
        None, getaddr_func, host, port, family, type, proto, flags)
        ^^^^^^^^^^^^^^^^^^^^^^^^^^^^^^^^^^^^^^^^^^^^^^^^^^^^^^^^^^^
  File "C:\Users\zal80\AppData\Local\Programs\Python\Python313\Lib\concurrent\futures\thread.py", line 59, in run
    result = self.fn(*self.args, **self.kwargs)
  File "C:\Users\zal80\AppData\Local\Programs\Python\Python313\Lib\socket.py", line 977, in getaddrinfo
    for res in _socket.getaddrinfo(host, port, family, type, proto, flags):
               ~~~~~~~~~~~~~~~~~~~^^^^^^^^^^^^^^^^^^^^^^^^^^^^^^^^^^^^^^^^
socket.gaierror: [Errno 11002] getaddrinfo failed

The above exception was the direct cause of the following exception:

Traceback (most recent call last):
  File "C:\Users\zal80\blackbird\src\modules\utils\http_client.py", line 53, in do_async_request
    response = await session.request(
               ^^^^^^^^^^^^^^^^^^^^^^
    ...<9 lines>...
    )
    ^
  File "C:\Users\zal80\AppData\Local\Programs\Python\Python313\Lib\site-packages\aiohttp\client.py", line 770, in _request
    resp = await handler(req)
           ^^^^^^^^^^^^^^^^^^
  File "C:\Users\zal80\AppData\Local\Programs\Python\Python313\Lib\site-packages\aiohttp\client.py", line 725, in _connect_and_send_request
    conn = await self._connector.connect(
           ^^^^^^^^^^^^^^^^^^^^^^^^^^^^^^
        req, traces=traces, timeout=real_timeout
        ^^^^^^^^^^^^^^^^^^^^^^^^^^^^^^^^^^^^^^^^
    )
    ^
  File "C:\Users\zal80\AppData\Local\Programs\Python\Python313\Lib\site-packages\aiohttp\connector.py", line 622, in connect
    proto = await self._create_connection(req, traces, timeout)
            ^^^^^^^^^^^^^^^^^^^^^^^^^^^^^^^^^^^^^^^^^^^^^^^^^^^
  File "C:\Users\zal80\AppData\Local\Programs\Python\Python313\Lib\site-packages\aiohttp\connector.py", line 1189, in _create_connection
    _, proto = await self._create_direct_connection(req, traces, timeout)
               ^^^^^^^^^^^^^^^^^^^^^^^^^^^^^^^^^^^^^^^^^^^^^^^^^^^^^^^^^^
  File "C:\Users\zal80\AppData\Local\Programs\Python\Python313\Lib\site-packages\aiohttp\connector.py", line 1518, in _create_direct_connection
    raise ClientConnectorDNSError(req.connection_key, exc) from exc
aiohttp.client_exceptions.ClientConnectorDNSError: Cannot connect to host teddysgirls.net:443 ssl:False [getaddrinfo failed]

2025-09-01 02:39:33,735 - root - ERROR - Error in Async HTTP Request [GET] https://tamtam.chat/zal800 | itms-appss://apps.apple.com/ru/app/ok-soobsenia/id1095345669
2025-09-01 02:39:33,735 - root - ERROR - Traceback (most recent call last):
  File "C:\Users\zal80\blackbird\src\modules\utils\http_client.py", line 53, in do_async_request
    response = await session.request(
               ^^^^^^^^^^^^^^^^^^^^^^
    ...<9 lines>...
    )
    ^
  File "C:\Users\zal80\AppData\Local\Programs\Python\Python313\Lib\site-packages\aiohttp\client.py", line 854, in _request
    raise NonHttpUrlRedirectClientError(r_url)
aiohttp.client_exceptions.NonHttpUrlRedirectClientError: itms-appss://apps.apple.com/ru/app/ok-soobsenia/id1095345669

2025-09-01 02:39:33,890 - root - ERROR - Error in Async HTTP Request [GET] https://drum.io/zal800/ | Cannot connect to host drum.io:443 ssl:False [getaddrinfo failed]
2025-09-01 02:39:33,890 - root - ERROR - Traceback (most recent call last):
  File "C:\Users\zal80\AppData\Local\Programs\Python\Python313\Lib\site-packages\aiohttp\connector.py", line 1512, in _create_direct_connection
    hosts = await self._resolve_host(host, port, traces=traces)
            ^^^^^^^^^^^^^^^^^^^^^^^^^^^^^^^^^^^^^^^^^^^^^^^^^^^
  File "C:\Users\zal80\AppData\Local\Programs\Python\Python313\Lib\site-packages\aiohttp\connector.py", line 1128, in _resolve_host
    return await asyncio.shield(resolved_host_task)
           ^^^^^^^^^^^^^^^^^^^^^^^^^^^^^^^^^^^^^^^^
  File "C:\Users\zal80\AppData\Local\Programs\Python\Python313\Lib\site-packages\aiohttp\connector.py", line 1159, in _resolve_host_with_throttle
    addrs = await self._resolver.resolve(host, port, family=self._family)
            ^^^^^^^^^^^^^^^^^^^^^^^^^^^^^^^^^^^^^^^^^^^^^^^^^^^^^^^^^^^^^
  File "C:\Users\zal80\AppData\Local\Programs\Python\Python313\Lib\site-packages\aiohttp\resolver.py", line 40, in resolve
    infos = await self._loop.getaddrinfo(
            ^^^^^^^^^^^^^^^^^^^^^^^^^^^^^
    ...<5 lines>...
    )
    ^
  File "C:\Users\zal80\AppData\Local\Programs\Python\Python313\Lib\asyncio\base_events.py", line 939, in getaddrinfo
    return await self.run_in_executor(
           ^^^^^^^^^^^^^^^^^^^^^^^^^^^
        None, getaddr_func, host, port, family, type, proto, flags)
        ^^^^^^^^^^^^^^^^^^^^^^^^^^^^^^^^^^^^^^^^^^^^^^^^^^^^^^^^^^^
  File "C:\Users\zal80\AppData\Local\Programs\Python\Python313\Lib\concurrent\futures\thread.py", line 59, in run
    result = self.fn(*self.args, **self.kwargs)
  File "C:\Users\zal80\AppData\Local\Programs\Python\Python313\Lib\socket.py", line 977, in getaddrinfo
    for res in _socket.getaddrinfo(host, port, family, type, proto, flags):
               ~~~~~~~~~~~~~~~~~~~^^^^^^^^^^^^^^^^^^^^^^^^^^^^^^^^^^^^^^^^
socket.gaierror: [Errno 11001] getaddrinfo failed

The above exception was the direct cause of the following exception:

Traceback (most recent call last):
  File "C:\Users\zal80\blackbird\src\modules\utils\http_client.py", line 53, in do_async_request
    response = await session.request(
               ^^^^^^^^^^^^^^^^^^^^^^
    ...<9 lines>...
    )
    ^
  File "C:\Users\zal80\AppData\Local\Programs\Python\Python313\Lib\site-packages\aiohttp\client.py", line 770, in _request
    resp = await handler(req)
           ^^^^^^^^^^^^^^^^^^
  File "C:\Users\zal80\AppData\Local\Programs\Python\Python313\Lib\site-packages\aiohttp\client.py", line 725, in _connect_and_send_request
    conn = await self._connector.connect(
           ^^^^^^^^^^^^^^^^^^^^^^^^^^^^^^
        req, traces=traces, timeout=real_timeout
        ^^^^^^^^^^^^^^^^^^^^^^^^^^^^^^^^^^^^^^^^
    )
    ^
  File "C:\Users\zal80\AppData\Local\Programs\Python\Python313\Lib\site-packages\aiohttp\connector.py", line 622, in connect
    proto = await self._create_connection(req, traces, timeout)
            ^^^^^^^^^^^^^^^^^^^^^^^^^^^^^^^^^^^^^^^^^^^^^^^^^^^
  File "C:\Users\zal80\AppData\Local\Programs\Python\Python313\Lib\site-packages\aiohttp\connector.py", line 1189, in _create_connection
    _, proto = await self._create_direct_connection(req, traces, timeout)
               ^^^^^^^^^^^^^^^^^^^^^^^^^^^^^^^^^^^^^^^^^^^^^^^^^^^^^^^^^^
  File "C:\Users\zal80\AppData\Local\Programs\Python\Python313\Lib\site-packages\aiohttp\connector.py", line 1518, in _create_direct_connection
    raise ClientConnectorDNSError(req.connection_key, exc) from exc
aiohttp.client_exceptions.ClientConnectorDNSError: Cannot connect to host drum.io:443 ssl:False [getaddrinfo failed]

2025-09-01 02:39:34,172 - root - ERROR - Error in Async HTTP Request [GET] https://pokec.azet.sk/zal800 | Cannot connect to host pokec.azet.sk:443 ssl:False [The remote computer refused the network connection]
2025-09-01 02:39:34,172 - root - ERROR - Traceback (most recent call last):
  File "C:\Users\zal80\AppData\Local\Programs\Python\Python313\Lib\site-packages\aiohttp\connector.py", line 1248, in _wrap_create_connection
    sock = await aiohappyeyeballs.start_connection(
           ^^^^^^^^^^^^^^^^^^^^^^^^^^^^^^^^^^^^^^^^
    ...<6 lines>...
    )
    ^
  File "C:\Users\zal80\AppData\Local\Programs\Python\Python313\Lib\site-packages\aiohappyeyeballs\impl.py", line 122, in start_connection
    raise first_exception
  File "C:\Users\zal80\AppData\Local\Programs\Python\Python313\Lib\site-packages\aiohappyeyeballs\impl.py", line 73, in start_connection
    sock = await _connect_sock(
           ^^^^^^^^^^^^^^^^^^^^
    ...<6 lines>...
    )
    ^
  File "C:\Users\zal80\AppData\Local\Programs\Python\Python313\Lib\site-packages\aiohappyeyeballs\impl.py", line 208, in _connect_sock
    await loop.sock_connect(sock, address)
  File "C:\Users\zal80\AppData\Local\Programs\Python\Python313\Lib\asyncio\proactor_events.py", line 726, in sock_connect
    return await self._proactor.connect(sock, address)
           ^^^^^^^^^^^^^^^^^^^^^^^^^^^^^^^^^^^^^^^^^^^
  File "C:\Users\zal80\AppData\Local\Programs\Python\Python313\Lib\asyncio\windows_events.py", line 804, in _poll
    value = callback(transferred, key, ov)
  File "C:\Users\zal80\AppData\Local\Programs\Python\Python313\Lib\asyncio\windows_events.py", line 600, in finish_connect
    ov.getresult()
    ~~~~~~~~~~~~^^
ConnectionRefusedError: [WinError 1225] The remote computer refused the network connection

The above exception was the direct cause of the following exception:

Traceback (most recent call last):
  File "C:\Users\zal80\blackbird\src\modules\utils\http_client.py", line 53, in do_async_request
    response = await session.request(
               ^^^^^^^^^^^^^^^^^^^^^^
    ...<9 lines>...
    )
    ^
  File "C:\Users\zal80\AppData\Local\Programs\Python\Python313\Lib\site-packages\aiohttp\client.py", line 770, in _request
    resp = await handler(req)
           ^^^^^^^^^^^^^^^^^^
  File "C:\Users\zal80\AppData\Local\Programs\Python\Python313\Lib\site-packages\aiohttp\client.py", line 725, in _connect_and_send_request
    conn = await self._connector.connect(
           ^^^^^^^^^^^^^^^^^^^^^^^^^^^^^^
        req, traces=traces, timeout=real_timeout
        ^^^^^^^^^^^^^^^^^^^^^^^^^^^^^^^^^^^^^^^^
    )
    ^
  File "C:\Users\zal80\AppData\Local\Programs\Python\Python313\Lib\site-packages\aiohttp\connector.py", line 622, in connect
    proto = await self._create_connection(req, traces, timeout)
            ^^^^^^^^^^^^^^^^^^^^^^^^^^^^^^^^^^^^^^^^^^^^^^^^^^^
  File "C:\Users\zal80\AppData\Local\Programs\Python\Python313\Lib\site-packages\aiohttp\connector.py", line 1189, in _create_connection
    _, proto = await self._create_direct_connection(req, traces, timeout)
               ^^^^^^^^^^^^^^^^^^^^^^^^^^^^^^^^^^^^^^^^^^^^^^^^^^^^^^^^^^
  File "C:\Users\zal80\AppData\Local\Programs\Python\Python313\Lib\site-packages\aiohttp\connector.py", line 1561, in _create_direct_connection
    raise last_exc
  File "C:\Users\zal80\AppData\Local\Programs\Python\Python313\Lib\site-packages\aiohttp\connector.py", line 1530, in _create_direct_connection
    transp, proto = await self._wrap_create_connection(
                    ^^^^^^^^^^^^^^^^^^^^^^^^^^^^^^^^^^^
    ...<7 lines>...
    )
    ^
  File "C:\Users\zal80\AppData\Local\Programs\Python\Python313\Lib\site-packages\aiohttp\connector.py", line 1271, in _wrap_create_connection
    raise client_error(req.connection_key, exc) from exc
aiohttp.client_exceptions.ClientConnectorError: Cannot connect to host pokec.azet.sk:443 ssl:False [The remote computer refused the network connection]

2025-09-01 02:39:35,113 - root - ERROR - Error in Async HTTP Request [GET] https://rblx.trade/api/v1/user/get-by-username?username=zal800 | Cannot connect to host rblx.trade:443 ssl:False [getaddrinfo failed]
2025-09-01 02:39:35,113 - root - ERROR - Traceback (most recent call last):
  File "C:\Users\zal80\AppData\Local\Programs\Python\Python313\Lib\site-packages\aiohttp\connector.py", line 1512, in _create_direct_connection
    hosts = await self._resolve_host(host, port, traces=traces)
            ^^^^^^^^^^^^^^^^^^^^^^^^^^^^^^^^^^^^^^^^^^^^^^^^^^^
  File "C:\Users\zal80\AppData\Local\Programs\Python\Python313\Lib\site-packages\aiohttp\connector.py", line 1128, in _resolve_host
    return await asyncio.shield(resolved_host_task)
           ^^^^^^^^^^^^^^^^^^^^^^^^^^^^^^^^^^^^^^^^
  File "C:\Users\zal80\AppData\Local\Programs\Python\Python313\Lib\site-packages\aiohttp\connector.py", line 1159, in _resolve_host_with_throttle
    addrs = await self._resolver.resolve(host, port, family=self._family)
            ^^^^^^^^^^^^^^^^^^^^^^^^^^^^^^^^^^^^^^^^^^^^^^^^^^^^^^^^^^^^^
  File "C:\Users\zal80\AppData\Local\Programs\Python\Python313\Lib\site-packages\aiohttp\resolver.py", line 40, in resolve
    infos = await self._loop.getaddrinfo(
            ^^^^^^^^^^^^^^^^^^^^^^^^^^^^^
    ...<5 lines>...
    )
    ^
  File "C:\Users\zal80\AppData\Local\Programs\Python\Python313\Lib\asyncio\base_events.py", line 939, in getaddrinfo
    return await self.run_in_executor(
           ^^^^^^^^^^^^^^^^^^^^^^^^^^^
        None, getaddr_func, host, port, family, type, proto, flags)
        ^^^^^^^^^^^^^^^^^^^^^^^^^^^^^^^^^^^^^^^^^^^^^^^^^^^^^^^^^^^
  File "C:\Users\zal80\AppData\Local\Programs\Python\Python313\Lib\concurrent\futures\thread.py", line 59, in run
    result = self.fn(*self.args, **self.kwargs)
  File "C:\Users\zal80\AppData\Local\Programs\Python\Python313\Lib\socket.py", line 977, in getaddrinfo
    for res in _socket.getaddrinfo(host, port, family, type, proto, flags):
               ~~~~~~~~~~~~~~~~~~~^^^^^^^^^^^^^^^^^^^^^^^^^^^^^^^^^^^^^^^^
socket.gaierror: [Errno 11001] getaddrinfo failed

The above exception was the direct cause of the following exception:

Traceback (most recent call last):
  File "C:\Users\zal80\blackbird\src\modules\utils\http_client.py", line 53, in do_async_request
    response = await session.request(
               ^^^^^^^^^^^^^^^^^^^^^^
    ...<9 lines>...
    )
    ^
  File "C:\Users\zal80\AppData\Local\Programs\Python\Python313\Lib\site-packages\aiohttp\client.py", line 770, in _request
    resp = await handler(req)
           ^^^^^^^^^^^^^^^^^^
  File "C:\Users\zal80\AppData\Local\Programs\Python\Python313\Lib\site-packages\aiohttp\client.py", line 725, in _connect_and_send_request
    conn = await self._connector.connect(
           ^^^^^^^^^^^^^^^^^^^^^^^^^^^^^^
        req, traces=traces, timeout=real_timeout
        ^^^^^^^^^^^^^^^^^^^^^^^^^^^^^^^^^^^^^^^^
    )
    ^
  File "C:\Users\zal80\AppData\Local\Programs\Python\Python313\Lib\site-packages\aiohttp\connector.py", line 622, in connect
    proto = await self._create_connection(req, traces, timeout)
            ^^^^^^^^^^^^^^^^^^^^^^^^^^^^^^^^^^^^^^^^^^^^^^^^^^^
  File "C:\Users\zal80\AppData\Local\Programs\Python\Python313\Lib\site-packages\aiohttp\connector.py", line 1189, in _create_connection
    _, proto = await self._create_direct_connection(req, traces, timeout)
               ^^^^^^^^^^^^^^^^^^^^^^^^^^^^^^^^^^^^^^^^^^^^^^^^^^^^^^^^^^
  File "C:\Users\zal80\AppData\Local\Programs\Python\Python313\Lib\site-packages\aiohttp\connector.py", line 1518, in _create_direct_connection
    raise ClientConnectorDNSError(req.connection_key, exc) from exc
aiohttp.client_exceptions.ClientConnectorDNSError: Cannot connect to host rblx.trade:443 ssl:False [getaddrinfo failed]

2025-09-01 02:39:37,075 - root - ERROR - Error in Async HTTP Request [GET] https://rf-archive.com/users.php?s_tag=zal800 | Cannot connect to host rf-archive.com:443 ssl:False [The remote computer refused the network connection]
2025-09-01 02:39:37,075 - root - ERROR - Traceback (most recent call last):
  File "C:\Users\zal80\AppData\Local\Programs\Python\Python313\Lib\site-packages\aiohttp\connector.py", line 1248, in _wrap_create_connection
    sock = await aiohappyeyeballs.start_connection(
           ^^^^^^^^^^^^^^^^^^^^^^^^^^^^^^^^^^^^^^^^
    ...<6 lines>...
    )
    ^
  File "C:\Users\zal80\AppData\Local\Programs\Python\Python313\Lib\site-packages\aiohappyeyeballs\impl.py", line 122, in start_connection
    raise first_exception
  File "C:\Users\zal80\AppData\Local\Programs\Python\Python313\Lib\site-packages\aiohappyeyeballs\impl.py", line 73, in start_connection
    sock = await _connect_sock(
           ^^^^^^^^^^^^^^^^^^^^
    ...<6 lines>...
    )
    ^
  File "C:\Users\zal80\AppData\Local\Programs\Python\Python313\Lib\site-packages\aiohappyeyeballs\impl.py", line 208, in _connect_sock
    await loop.sock_connect(sock, address)
  File "C:\Users\zal80\AppData\Local\Programs\Python\Python313\Lib\asyncio\proactor_events.py", line 726, in sock_connect
    return await self._proactor.connect(sock, address)
           ^^^^^^^^^^^^^^^^^^^^^^^^^^^^^^^^^^^^^^^^^^^
  File "C:\Users\zal80\AppData\Local\Programs\Python\Python313\Lib\asyncio\windows_events.py", line 804, in _poll
    value = callback(transferred, key, ov)
  File "C:\Users\zal80\AppData\Local\Programs\Python\Python313\Lib\asyncio\windows_events.py", line 600, in finish_connect
    ov.getresult()
    ~~~~~~~~~~~~^^
ConnectionRefusedError: [WinError 1225] The remote computer refused the network connection

The above exception was the direct cause of the following exception:

Traceback (most recent call last):
  File "C:\Users\zal80\blackbird\src\modules\utils\http_client.py", line 53, in do_async_request
    response = await session.request(
               ^^^^^^^^^^^^^^^^^^^^^^
    ...<9 lines>...
    )
    ^
  File "C:\Users\zal80\AppData\Local\Programs\Python\Python313\Lib\site-packages\aiohttp\client.py", line 770, in _request
    resp = await handler(req)
           ^^^^^^^^^^^^^^^^^^
  File "C:\Users\zal80\AppData\Local\Programs\Python\Python313\Lib\site-packages\aiohttp\client.py", line 725, in _connect_and_send_request
    conn = await self._connector.connect(
           ^^^^^^^^^^^^^^^^^^^^^^^^^^^^^^
        req, traces=traces, timeout=real_timeout
        ^^^^^^^^^^^^^^^^^^^^^^^^^^^^^^^^^^^^^^^^
    )
    ^
  File "C:\Users\zal80\AppData\Local\Programs\Python\Python313\Lib\site-packages\aiohttp\connector.py", line 622, in connect
    proto = await self._create_connection(req, traces, timeout)
            ^^^^^^^^^^^^^^^^^^^^^^^^^^^^^^^^^^^^^^^^^^^^^^^^^^^
  File "C:\Users\zal80\AppData\Local\Programs\Python\Python313\Lib\site-packages\aiohttp\connector.py", line 1189, in _create_connection
    _, proto = await self._create_direct_connection(req, traces, timeout)
               ^^^^^^^^^^^^^^^^^^^^^^^^^^^^^^^^^^^^^^^^^^^^^^^^^^^^^^^^^^
  File "C:\Users\zal80\AppData\Local\Programs\Python\Python313\Lib\site-packages\aiohttp\connector.py", line 1561, in _create_direct_connection
    raise last_exc
  File "C:\Users\zal80\AppData\Local\Programs\Python\Python313\Lib\site-packages\aiohttp\connector.py", line 1530, in _create_direct_connection
    transp, proto = await self._wrap_create_connection(
                    ^^^^^^^^^^^^^^^^^^^^^^^^^^^^^^^^^^^
    ...<7 lines>...
    )
    ^
  File "C:\Users\zal80\AppData\Local\Programs\Python\Python313\Lib\site-packages\aiohttp\connector.py", line 1271, in _wrap_create_connection
    raise client_error(req.connection_key, exc) from exc
aiohttp.client_exceptions.ClientConnectorError: Cannot connect to host rf-archive.com:443 ssl:False [The remote computer refused the network connection]

2025-09-01 02:39:52,659 - root - ERROR - Error in Async HTTP Request [GET] http://www.pokerstrategy.net/user/zal800/profile/ | Cannot connect to host www.pokerstrategy.net:80 ssl:False [The semaphore timeout period has expired]
2025-09-01 02:39:52,659 - root - ERROR - Traceback (most recent call last):
  File "C:\Users\zal80\AppData\Local\Programs\Python\Python313\Lib\site-packages\aiohttp\connector.py", line 1248, in _wrap_create_connection
    sock = await aiohappyeyeballs.start_connection(
           ^^^^^^^^^^^^^^^^^^^^^^^^^^^^^^^^^^^^^^^^
    ...<6 lines>...
    )
    ^
  File "C:\Users\zal80\AppData\Local\Programs\Python\Python313\Lib\site-packages\aiohappyeyeballs\impl.py", line 122, in start_connection
    raise first_exception
  File "C:\Users\zal80\AppData\Local\Programs\Python\Python313\Lib\site-packages\aiohappyeyeballs\impl.py", line 73, in start_connection
    sock = await _connect_sock(
           ^^^^^^^^^^^^^^^^^^^^
    ...<6 lines>...
    )
    ^
  File "C:\Users\zal80\AppData\Local\Programs\Python\Python313\Lib\site-packages\aiohappyeyeballs\impl.py", line 208, in _connect_sock
    await loop.sock_connect(sock, address)
  File "C:\Users\zal80\AppData\Local\Programs\Python\Python313\Lib\asyncio\proactor_events.py", line 726, in sock_connect
    return await self._proactor.connect(sock, address)
           ^^^^^^^^^^^^^^^^^^^^^^^^^^^^^^^^^^^^^^^^^^^
  File "C:\Users\zal80\AppData\Local\Programs\Python\Python313\Lib\asyncio\windows_events.py", line 804, in _poll
    value = callback(transferred, key, ov)
  File "C:\Users\zal80\AppData\Local\Programs\Python\Python313\Lib\asyncio\windows_events.py", line 600, in finish_connect
    ov.getresult()
    ~~~~~~~~~~~~^^
OSError: [WinError 121] The semaphore timeout period has expired

The above exception was the direct cause of the following exception:

Traceback (most recent call last):
  File "C:\Users\zal80\blackbird\src\modules\utils\http_client.py", line 53, in do_async_request
    response = await session.request(
               ^^^^^^^^^^^^^^^^^^^^^^
    ...<9 lines>...
    )
    ^
  File "C:\Users\zal80\AppData\Local\Programs\Python\Python313\Lib\site-packages\aiohttp\client.py", line 770, in _request
    resp = await handler(req)
           ^^^^^^^^^^^^^^^^^^
  File "C:\Users\zal80\AppData\Local\Programs\Python\Python313\Lib\site-packages\aiohttp\client.py", line 725, in _connect_and_send_request
    conn = await self._connector.connect(
           ^^^^^^^^^^^^^^^^^^^^^^^^^^^^^^
        req, traces=traces, timeout=real_timeout
        ^^^^^^^^^^^^^^^^^^^^^^^^^^^^^^^^^^^^^^^^
    )
    ^
  File "C:\Users\zal80\AppData\Local\Programs\Python\Python313\Lib\site-packages\aiohttp\connector.py", line 622, in connect
    proto = await self._create_connection(req, traces, timeout)
            ^^^^^^^^^^^^^^^^^^^^^^^^^^^^^^^^^^^^^^^^^^^^^^^^^^^
  File "C:\Users\zal80\AppData\Local\Programs\Python\Python313\Lib\site-packages\aiohttp\connector.py", line 1189, in _create_connection
    _, proto = await self._create_direct_connection(req, traces, timeout)
               ^^^^^^^^^^^^^^^^^^^^^^^^^^^^^^^^^^^^^^^^^^^^^^^^^^^^^^^^^^
  File "C:\Users\zal80\AppData\Local\Programs\Python\Python313\Lib\site-packages\aiohttp\connector.py", line 1561, in _create_direct_connection
    raise last_exc
  File "C:\Users\zal80\AppData\Local\Programs\Python\Python313\Lib\site-packages\aiohttp\connector.py", line 1530, in _create_direct_connection
    transp, proto = await self._wrap_create_connection(
                    ^^^^^^^^^^^^^^^^^^^^^^^^^^^^^^^^^^^
    ...<7 lines>...
    )
    ^
  File "C:\Users\zal80\AppData\Local\Programs\Python\Python313\Lib\site-packages\aiohttp\connector.py", line 1271, in _wrap_create_connection
    raise client_error(req.connection_key, exc) from exc
aiohttp.client_exceptions.ClientConnectorError: Cannot connect to host www.pokerstrategy.net:80 ssl:False [The semaphore timeout period has expired]

2025-09-01 02:39:56,675 - root - ERROR - Error in Async HTTP Request [GET] https://gitlab.archlinux.org/api/v4/users?username=zal800 | TimeoutError()
2025-09-01 02:39:56,675 - root - ERROR - Traceback (most recent call last):
  File "C:\Users\zal80\AppData\Local\Programs\Python\Python313\Lib\site-packages\aiohttp\client.py", line 770, in _request
    resp = await handler(req)
           ^^^^^^^^^^^^^^^^^^
  File "C:\Users\zal80\AppData\Local\Programs\Python\Python313\Lib\site-packages\aiohttp\client.py", line 725, in _connect_and_send_request
    conn = await self._connector.connect(
           ^^^^^^^^^^^^^^^^^^^^^^^^^^^^^^
        req, traces=traces, timeout=real_timeout
        ^^^^^^^^^^^^^^^^^^^^^^^^^^^^^^^^^^^^^^^^
    )
    ^
  File "C:\Users\zal80\AppData\Local\Programs\Python\Python313\Lib\site-packages\aiohttp\connector.py", line 622, in connect
    proto = await self._create_connection(req, traces, timeout)
            ^^^^^^^^^^^^^^^^^^^^^^^^^^^^^^^^^^^^^^^^^^^^^^^^^^^
  File "C:\Users\zal80\AppData\Local\Programs\Python\Python313\Lib\site-packages\aiohttp\connector.py", line 1189, in _create_connection
    _, proto = await self._create_direct_connection(req, traces, timeout)
               ^^^^^^^^^^^^^^^^^^^^^^^^^^^^^^^^^^^^^^^^^^^^^^^^^^^^^^^^^^
  File "C:\Users\zal80\AppData\Local\Programs\Python\Python313\Lib\site-packages\aiohttp\connector.py", line 1530, in _create_direct_connection
    transp, proto = await self._wrap_create_connection(
                    ^^^^^^^^^^^^^^^^^^^^^^^^^^^^^^^^^^^
    ...<7 lines>...
    )
    ^
  File "C:\Users\zal80\AppData\Local\Programs\Python\Python313\Lib\site-packages\aiohttp\connector.py", line 1263, in _wrap_create_connection
    return await self._loop.create_connection(*args, **kwargs, sock=sock)
           ^^^^^^^^^^^^^^^^^^^^^^^^^^^^^^^^^^^^^^^^^^^^^^^^^^^^^^^^^^^^^^
  File "C:\Users\zal80\AppData\Local\Programs\Python\Python313\Lib\asyncio\base_events.py", line 1193, in create_connection
    transport, protocol = await self._create_connection_transport(
                          ^^^^^^^^^^^^^^^^^^^^^^^^^^^^^^^^^^^^^^^^
    ...<2 lines>...
        ssl_shutdown_timeout=ssl_shutdown_timeout)
        ^^^^^^^^^^^^^^^^^^^^^^^^^^^^^^^^^^^^^^^^^^
  File "C:\Users\zal80\AppData\Local\Programs\Python\Python313\Lib\asyncio\base_events.py", line 1226, in _create_connection_transport
    await waiter
asyncio.exceptions.CancelledError

The above exception was the direct cause of the following exception:

Traceback (most recent call last):
  File "C:\Users\zal80\blackbird\src\modules\utils\http_client.py", line 53, in do_async_request
    response = await session.request(
               ^^^^^^^^^^^^^^^^^^^^^^
    ...<9 lines>...
    )
    ^
  File "C:\Users\zal80\AppData\Local\Programs\Python\Python313\Lib\site-packages\aiohttp\client.py", line 622, in _request
    with timer:
         ^^^^^
  File "C:\Users\zal80\AppData\Local\Programs\Python\Python313\Lib\site-packages\aiohttp\helpers.py", line 685, in __exit__
    raise asyncio.TimeoutError from exc_val
TimeoutError

2025-09-01 02:39:57,606 - root - ERROR - Error in Async HTTP Request [GET] https://imgsrc.ru/main/user.php?lang=ru&user=zal800 | Cannot connect to host imgsrc.ru:443 ssl:False [The semaphore timeout period has expired]
2025-09-01 02:39:57,606 - root - ERROR - Traceback (most recent call last):
  File "C:\Users\zal80\AppData\Local\Programs\Python\Python313\Lib\site-packages\aiohttp\connector.py", line 1248, in _wrap_create_connection
    sock = await aiohappyeyeballs.start_connection(
           ^^^^^^^^^^^^^^^^^^^^^^^^^^^^^^^^^^^^^^^^
    ...<6 lines>...
    )
    ^
  File "C:\Users\zal80\AppData\Local\Programs\Python\Python313\Lib\site-packages\aiohappyeyeballs\impl.py", line 122, in start_connection
    raise first_exception
  File "C:\Users\zal80\AppData\Local\Programs\Python\Python313\Lib\site-packages\aiohappyeyeballs\impl.py", line 73, in start_connection
    sock = await _connect_sock(
           ^^^^^^^^^^^^^^^^^^^^
    ...<6 lines>...
    )
    ^
  File "C:\Users\zal80\AppData\Local\Programs\Python\Python313\Lib\site-packages\aiohappyeyeballs\impl.py", line 208, in _connect_sock
    await loop.sock_connect(sock, address)
  File "C:\Users\zal80\AppData\Local\Programs\Python\Python313\Lib\asyncio\proactor_events.py", line 726, in sock_connect
    return await self._proactor.connect(sock, address)
           ^^^^^^^^^^^^^^^^^^^^^^^^^^^^^^^^^^^^^^^^^^^
  File "C:\Users\zal80\AppData\Local\Programs\Python\Python313\Lib\asyncio\windows_events.py", line 804, in _poll
    value = callback(transferred, key, ov)
  File "C:\Users\zal80\AppData\Local\Programs\Python\Python313\Lib\asyncio\windows_events.py", line 600, in finish_connect
    ov.getresult()
    ~~~~~~~~~~~~^^
OSError: [WinError 121] The semaphore timeout period has expired

The above exception was the direct cause of the following exception:

Traceback (most recent call last):
  File "C:\Users\zal80\blackbird\src\modules\utils\http_client.py", line 53, in do_async_request
    response = await session.request(
               ^^^^^^^^^^^^^^^^^^^^^^
    ...<9 lines>...
    )
    ^
  File "C:\Users\zal80\AppData\Local\Programs\Python\Python313\Lib\site-packages\aiohttp\client.py", line 770, in _request
    resp = await handler(req)
           ^^^^^^^^^^^^^^^^^^
  File "C:\Users\zal80\AppData\Local\Programs\Python\Python313\Lib\site-packages\aiohttp\client.py", line 725, in _connect_and_send_request
    conn = await self._connector.connect(
           ^^^^^^^^^^^^^^^^^^^^^^^^^^^^^^
        req, traces=traces, timeout=real_timeout
        ^^^^^^^^^^^^^^^^^^^^^^^^^^^^^^^^^^^^^^^^
    )
    ^
  File "C:\Users\zal80\AppData\Local\Programs\Python\Python313\Lib\site-packages\aiohttp\connector.py", line 622, in connect
    proto = await self._create_connection(req, traces, timeout)
            ^^^^^^^^^^^^^^^^^^^^^^^^^^^^^^^^^^^^^^^^^^^^^^^^^^^
  File "C:\Users\zal80\AppData\Local\Programs\Python\Python313\Lib\site-packages\aiohttp\connector.py", line 1189, in _create_connection
    _, proto = await self._create_direct_connection(req, traces, timeout)
               ^^^^^^^^^^^^^^^^^^^^^^^^^^^^^^^^^^^^^^^^^^^^^^^^^^^^^^^^^^
  File "C:\Users\zal80\AppData\Local\Programs\Python\Python313\Lib\site-packages\aiohttp\connector.py", line 1561, in _create_direct_connection
    raise last_exc
  File "C:\Users\zal80\AppData\Local\Programs\Python\Python313\Lib\site-packages\aiohttp\connector.py", line 1530, in _create_direct_connection
    transp, proto = await self._wrap_create_connection(
                    ^^^^^^^^^^^^^^^^^^^^^^^^^^^^^^^^^^^
    ...<7 lines>...
    )
    ^
  File "C:\Users\zal80\AppData\Local\Programs\Python\Python313\Lib\site-packages\aiohttp\connector.py", line 1271, in _wrap_create_connection
    raise client_error(req.connection_key, exc) from exc
aiohttp.client_exceptions.ClientConnectorError: Cannot connect to host imgsrc.ru:443 ssl:False [The semaphore timeout period has expired]

2025-09-01 02:39:59,671 - root - ERROR - Error in Async HTTP Request [GET] https://www.gigapan.com/profiles/zal800 | TimeoutError()
2025-09-01 02:39:59,671 - root - ERROR - Traceback (most recent call last):
  File "C:\Users\zal80\AppData\Local\Programs\Python\Python313\Lib\site-packages\aiohttp\client_reqrep.py", line 532, in start
    message, payload = await protocol.read()  # type: ignore[union-attr]
                       ^^^^^^^^^^^^^^^^^^^^^
  File "C:\Users\zal80\AppData\Local\Programs\Python\Python313\Lib\site-packages\aiohttp\streams.py", line 672, in read
    await self._waiter
asyncio.exceptions.CancelledError

The above exception was the direct cause of the following exception:

Traceback (most recent call last):
  File "C:\Users\zal80\blackbird\src\modules\utils\http_client.py", line 53, in do_async_request
    response = await session.request(
               ^^^^^^^^^^^^^^^^^^^^^^
    ...<9 lines>...
    )
    ^
  File "C:\Users\zal80\AppData\Local\Programs\Python\Python313\Lib\site-packages\aiohttp\client.py", line 770, in _request
    resp = await handler(req)
           ^^^^^^^^^^^^^^^^^^
  File "C:\Users\zal80\AppData\Local\Programs\Python\Python313\Lib\site-packages\aiohttp\client.py", line 748, in _connect_and_send_request
    await resp.start(conn)
  File "C:\Users\zal80\AppData\Local\Programs\Python\Python313\Lib\site-packages\aiohttp\client_reqrep.py", line 527, in start
    with self._timer:
         ^^^^^^^^^^^
  File "C:\Users\zal80\AppData\Local\Programs\Python\Python313\Lib\site-packages\aiohttp\helpers.py", line 685, in __exit__
    raise asyncio.TimeoutError from exc_val
TimeoutError

2025-09-01 02:41:18,672 - urllib3.connectionpool - DEBUG - Starting new HTTPS connection (1): raw.githubusercontent.com:443
2025-09-01 02:41:18,718 - urllib3.connectionpool - DEBUG - https://raw.githubusercontent.com:443 "GET /WebBreacher/WhatsMyName/main/wmn-data.json HTTP/1.1" 200 45832
2025-09-01 02:41:30,436 - urllib3.connectionpool - DEBUG - Starting new HTTPS connection (1): ai.blackbird.run:443
2025-09-01 02:41:30,990 - urllib3.connectionpool - DEBUG - https://ai.blackbird.run:443 "GET /generate-key HTTP/1.1" 200 None
2025-09-01 02:42:51,285 - urllib3.connectionpool - DEBUG - Starting new HTTPS connection (1): raw.githubusercontent.com:443
2025-09-01 02:42:51,336 - urllib3.connectionpool - DEBUG - https://raw.githubusercontent.com:443 "GET /WebBreacher/WhatsMyName/main/wmn-data.json HTTP/1.1" 200 45832
2025-09-01 02:42:55,510 - asyncio - DEBUG - Using proactor: IocpProactor
2025-09-01 02:42:55,753 - chardet.charsetprober - DEBUG - SHIFT_JIS Japanese prober hit error at byte 377
2025-09-01 02:42:55,753 - chardet.charsetprober - DEBUG - EUC-JP Japanese prober hit error at byte 377
2025-09-01 02:42:55,753 - chardet.charsetprober - DEBUG - GB2312 Chinese prober hit error at byte 377
2025-09-01 02:42:55,754 - chardet.charsetprober - DEBUG - EUC-KR Korean prober hit error at byte 377
2025-09-01 02:42:55,754 - chardet.charsetprober - DEBUG - CP949 Korean prober hit error at byte 377
2025-09-01 02:42:55,754 - chardet.charsetprober - DEBUG - Big5 Chinese prober hit error at byte 377
2025-09-01 02:42:55,754 - chardet.charsetprober - DEBUG - EUC-TW Taiwan prober hit error at byte 377
2025-09-01 02:42:55,754 - chardet.charsetprober - DEBUG - Johab Korean prober hit error at byte 377
2025-09-01 02:42:55,764 - chardet.charsetprober - DEBUG - windows-1251 Russian confidence = 0.012877541096307624
2025-09-01 02:42:55,764 - chardet.charsetprober - DEBUG - KOI8-R Russian confidence = 0.012877541096307624
2025-09-01 02:42:55,764 - chardet.charsetprober - DEBUG - ISO-8859-5 Russian confidence = 0.0
2025-09-01 02:42:55,764 - chardet.charsetprober - DEBUG - MacCyrillic Russian confidence = 0.02216032038138003
2025-09-01 02:42:55,764 - chardet.charsetprober - DEBUG - IBM866 Russian confidence = 0.0
2025-09-01 02:42:55,764 - chardet.charsetprober - DEBUG - IBM855 Russian confidence = 0.0
2025-09-01 02:42:55,764 - chardet.charsetprober - DEBUG - ISO-8859-7 Greek confidence = 0.020896821123915565
2025-09-01 02:42:55,764 - chardet.charsetprober - DEBUG - windows-1253 Greek confidence = 0.025257914327950205
2025-09-01 02:42:55,764 - chardet.charsetprober - DEBUG - ISO-8859-5 Bulgarian confidence = 0.0062686292664202795
2025-09-01 02:42:55,764 - chardet.charsetprober - DEBUG - windows-1251 Bulgarian confidence = 0.0
2025-09-01 02:42:55,764 - chardet.charsetprober - DEBUG - TIS-620 Thai confidence = 0.01
2025-09-01 02:42:55,764 - chardet.charsetprober - DEBUG - ISO-8859-9 Turkish confidence = 0.40002165578332294
2025-09-01 02:42:55,764 - chardet.charsetprober - DEBUG - ISO-8859-8 Hebrew confidence = 0.0
2025-09-01 02:42:55,764 - chardet.charsetprober - DEBUG - ISO-8859-8 Hebrew confidence = 0.05016178562460793
2025-09-01 02:42:55,764 - chardet.charsetprober - DEBUG - ISO-8859-8 Hebrew confidence = 0.046094613817207294
2025-09-01 02:42:56,369 - root - ERROR - Error in Async HTTP Request [GET] https://drum.io/johndoe/ | Cannot connect to host drum.io:443 ssl:False [getaddrinfo failed]
2025-09-01 02:42:56,369 - root - ERROR - Traceback (most recent call last):
  File "C:\Users\zal80\AppData\Local\Programs\Python\Python313\Lib\site-packages\aiohttp\connector.py", line 1512, in _create_direct_connection
    hosts = await self._resolve_host(host, port, traces=traces)
            ^^^^^^^^^^^^^^^^^^^^^^^^^^^^^^^^^^^^^^^^^^^^^^^^^^^
  File "C:\Users\zal80\AppData\Local\Programs\Python\Python313\Lib\site-packages\aiohttp\connector.py", line 1128, in _resolve_host
    return await asyncio.shield(resolved_host_task)
           ^^^^^^^^^^^^^^^^^^^^^^^^^^^^^^^^^^^^^^^^
  File "C:\Users\zal80\AppData\Local\Programs\Python\Python313\Lib\site-packages\aiohttp\connector.py", line 1159, in _resolve_host_with_throttle
    addrs = await self._resolver.resolve(host, port, family=self._family)
            ^^^^^^^^^^^^^^^^^^^^^^^^^^^^^^^^^^^^^^^^^^^^^^^^^^^^^^^^^^^^^
  File "C:\Users\zal80\AppData\Local\Programs\Python\Python313\Lib\site-packages\aiohttp\resolver.py", line 40, in resolve
    infos = await self._loop.getaddrinfo(
            ^^^^^^^^^^^^^^^^^^^^^^^^^^^^^
    ...<5 lines>...
    )
    ^
  File "C:\Users\zal80\AppData\Local\Programs\Python\Python313\Lib\asyncio\base_events.py", line 939, in getaddrinfo
    return await self.run_in_executor(
           ^^^^^^^^^^^^^^^^^^^^^^^^^^^
        None, getaddr_func, host, port, family, type, proto, flags)
        ^^^^^^^^^^^^^^^^^^^^^^^^^^^^^^^^^^^^^^^^^^^^^^^^^^^^^^^^^^^
  File "C:\Users\zal80\AppData\Local\Programs\Python\Python313\Lib\concurrent\futures\thread.py", line 59, in run
    result = self.fn(*self.args, **self.kwargs)
  File "C:\Users\zal80\AppData\Local\Programs\Python\Python313\Lib\socket.py", line 977, in getaddrinfo
    for res in _socket.getaddrinfo(host, port, family, type, proto, flags):
               ~~~~~~~~~~~~~~~~~~~^^^^^^^^^^^^^^^^^^^^^^^^^^^^^^^^^^^^^^^^
socket.gaierror: [Errno 11001] getaddrinfo failed

The above exception was the direct cause of the following exception:

Traceback (most recent call last):
  File "C:\Users\zal80\blackbird\src\modules\utils\http_client.py", line 53, in do_async_request
    response = await session.request(
               ^^^^^^^^^^^^^^^^^^^^^^
    ...<9 lines>...
    )
    ^
  File "C:\Users\zal80\AppData\Local\Programs\Python\Python313\Lib\site-packages\aiohttp\client.py", line 770, in _request
    resp = await handler(req)
           ^^^^^^^^^^^^^^^^^^
  File "C:\Users\zal80\AppData\Local\Programs\Python\Python313\Lib\site-packages\aiohttp\client.py", line 725, in _connect_and_send_request
    conn = await self._connector.connect(
           ^^^^^^^^^^^^^^^^^^^^^^^^^^^^^^
        req, traces=traces, timeout=real_timeout
        ^^^^^^^^^^^^^^^^^^^^^^^^^^^^^^^^^^^^^^^^
    )
    ^
  File "C:\Users\zal80\AppData\Local\Programs\Python\Python313\Lib\site-packages\aiohttp\connector.py", line 622, in connect
    proto = await self._create_connection(req, traces, timeout)
            ^^^^^^^^^^^^^^^^^^^^^^^^^^^^^^^^^^^^^^^^^^^^^^^^^^^
  File "C:\Users\zal80\AppData\Local\Programs\Python\Python313\Lib\site-packages\aiohttp\connector.py", line 1189, in _create_connection
    _, proto = await self._create_direct_connection(req, traces, timeout)
               ^^^^^^^^^^^^^^^^^^^^^^^^^^^^^^^^^^^^^^^^^^^^^^^^^^^^^^^^^^
  File "C:\Users\zal80\AppData\Local\Programs\Python\Python313\Lib\site-packages\aiohttp\connector.py", line 1518, in _create_direct_connection
    raise ClientConnectorDNSError(req.connection_key, exc) from exc
aiohttp.client_exceptions.ClientConnectorDNSError: Cannot connect to host drum.io:443 ssl:False [getaddrinfo failed]

2025-09-01 02:42:57,076 - root - ERROR - Error in Async HTTP Request [GET] https://rblx.trade/api/v1/user/get-by-username?username=johndoe | Cannot connect to host rblx.trade:443 ssl:False [getaddrinfo failed]
2025-09-01 02:42:57,076 - root - ERROR - Traceback (most recent call last):
  File "C:\Users\zal80\AppData\Local\Programs\Python\Python313\Lib\site-packages\aiohttp\connector.py", line 1512, in _create_direct_connection
    hosts = await self._resolve_host(host, port, traces=traces)
            ^^^^^^^^^^^^^^^^^^^^^^^^^^^^^^^^^^^^^^^^^^^^^^^^^^^
  File "C:\Users\zal80\AppData\Local\Programs\Python\Python313\Lib\site-packages\aiohttp\connector.py", line 1128, in _resolve_host
    return await asyncio.shield(resolved_host_task)
           ^^^^^^^^^^^^^^^^^^^^^^^^^^^^^^^^^^^^^^^^
  File "C:\Users\zal80\AppData\Local\Programs\Python\Python313\Lib\site-packages\aiohttp\connector.py", line 1159, in _resolve_host_with_throttle
    addrs = await self._resolver.resolve(host, port, family=self._family)
            ^^^^^^^^^^^^^^^^^^^^^^^^^^^^^^^^^^^^^^^^^^^^^^^^^^^^^^^^^^^^^
  File "C:\Users\zal80\AppData\Local\Programs\Python\Python313\Lib\site-packages\aiohttp\resolver.py", line 40, in resolve
    infos = await self._loop.getaddrinfo(
            ^^^^^^^^^^^^^^^^^^^^^^^^^^^^^
    ...<5 lines>...
    )
    ^
  File "C:\Users\zal80\AppData\Local\Programs\Python\Python313\Lib\asyncio\base_events.py", line 939, in getaddrinfo
    return await self.run_in_executor(
           ^^^^^^^^^^^^^^^^^^^^^^^^^^^
        None, getaddr_func, host, port, family, type, proto, flags)
        ^^^^^^^^^^^^^^^^^^^^^^^^^^^^^^^^^^^^^^^^^^^^^^^^^^^^^^^^^^^
  File "C:\Users\zal80\AppData\Local\Programs\Python\Python313\Lib\concurrent\futures\thread.py", line 59, in run
    result = self.fn(*self.args, **self.kwargs)
  File "C:\Users\zal80\AppData\Local\Programs\Python\Python313\Lib\socket.py", line 977, in getaddrinfo
    for res in _socket.getaddrinfo(host, port, family, type, proto, flags):
               ~~~~~~~~~~~~~~~~~~~^^^^^^^^^^^^^^^^^^^^^^^^^^^^^^^^^^^^^^^^
socket.gaierror: [Errno 11001] getaddrinfo failed

The above exception was the direct cause of the following exception:

Traceback (most recent call last):
  File "C:\Users\zal80\blackbird\src\modules\utils\http_client.py", line 53, in do_async_request
    response = await session.request(
               ^^^^^^^^^^^^^^^^^^^^^^
    ...<9 lines>...
    )
    ^
  File "C:\Users\zal80\AppData\Local\Programs\Python\Python313\Lib\site-packages\aiohttp\client.py", line 770, in _request
    resp = await handler(req)
           ^^^^^^^^^^^^^^^^^^
  File "C:\Users\zal80\AppData\Local\Programs\Python\Python313\Lib\site-packages\aiohttp\client.py", line 725, in _connect_and_send_request
    conn = await self._connector.connect(
           ^^^^^^^^^^^^^^^^^^^^^^^^^^^^^^
        req, traces=traces, timeout=real_timeout
        ^^^^^^^^^^^^^^^^^^^^^^^^^^^^^^^^^^^^^^^^
    )
    ^
  File "C:\Users\zal80\AppData\Local\Programs\Python\Python313\Lib\site-packages\aiohttp\connector.py", line 622, in connect
    proto = await self._create_connection(req, traces, timeout)
            ^^^^^^^^^^^^^^^^^^^^^^^^^^^^^^^^^^^^^^^^^^^^^^^^^^^
  File "C:\Users\zal80\AppData\Local\Programs\Python\Python313\Lib\site-packages\aiohttp\connector.py", line 1189, in _create_connection
    _, proto = await self._create_direct_connection(req, traces, timeout)
               ^^^^^^^^^^^^^^^^^^^^^^^^^^^^^^^^^^^^^^^^^^^^^^^^^^^^^^^^^^
  File "C:\Users\zal80\AppData\Local\Programs\Python\Python313\Lib\site-packages\aiohttp\connector.py", line 1518, in _create_direct_connection
    raise ClientConnectorDNSError(req.connection_key, exc) from exc
aiohttp.client_exceptions.ClientConnectorDNSError: Cannot connect to host rblx.trade:443 ssl:False [getaddrinfo failed]

2025-09-01 02:42:59,100 - root - ERROR - Error in Async HTTP Request [GET] https://sexworker.com/api/profile/johndoe | Cannot connect to host sexworker.com:443 ssl:False [getaddrinfo failed]
2025-09-01 02:42:59,100 - root - ERROR - Traceback (most recent call last):
  File "C:\Users\zal80\AppData\Local\Programs\Python\Python313\Lib\site-packages\aiohttp\connector.py", line 1512, in _create_direct_connection
    hosts = await self._resolve_host(host, port, traces=traces)
            ^^^^^^^^^^^^^^^^^^^^^^^^^^^^^^^^^^^^^^^^^^^^^^^^^^^
  File "C:\Users\zal80\AppData\Local\Programs\Python\Python313\Lib\site-packages\aiohttp\connector.py", line 1128, in _resolve_host
    return await asyncio.shield(resolved_host_task)
           ^^^^^^^^^^^^^^^^^^^^^^^^^^^^^^^^^^^^^^^^
  File "C:\Users\zal80\AppData\Local\Programs\Python\Python313\Lib\site-packages\aiohttp\connector.py", line 1159, in _resolve_host_with_throttle
    addrs = await self._resolver.resolve(host, port, family=self._family)
            ^^^^^^^^^^^^^^^^^^^^^^^^^^^^^^^^^^^^^^^^^^^^^^^^^^^^^^^^^^^^^
  File "C:\Users\zal80\AppData\Local\Programs\Python\Python313\Lib\site-packages\aiohttp\resolver.py", line 40, in resolve
    infos = await self._loop.getaddrinfo(
            ^^^^^^^^^^^^^^^^^^^^^^^^^^^^^
    ...<5 lines>...
    )
    ^
  File "C:\Users\zal80\AppData\Local\Programs\Python\Python313\Lib\asyncio\base_events.py", line 939, in getaddrinfo
    return await self.run_in_executor(
           ^^^^^^^^^^^^^^^^^^^^^^^^^^^
        None, getaddr_func, host, port, family, type, proto, flags)
        ^^^^^^^^^^^^^^^^^^^^^^^^^^^^^^^^^^^^^^^^^^^^^^^^^^^^^^^^^^^
  File "C:\Users\zal80\AppData\Local\Programs\Python\Python313\Lib\concurrent\futures\thread.py", line 59, in run
    result = self.fn(*self.args, **self.kwargs)
  File "C:\Users\zal80\AppData\Local\Programs\Python\Python313\Lib\socket.py", line 977, in getaddrinfo
    for res in _socket.getaddrinfo(host, port, family, type, proto, flags):
               ~~~~~~~~~~~~~~~~~~~^^^^^^^^^^^^^^^^^^^^^^^^^^^^^^^^^^^^^^^^
socket.gaierror: [Errno 11001] getaddrinfo failed

The above exception was the direct cause of the following exception:

Traceback (most recent call last):
  File "C:\Users\zal80\blackbird\src\modules\utils\http_client.py", line 53, in do_async_request
    response = await session.request(
               ^^^^^^^^^^^^^^^^^^^^^^
    ...<9 lines>...
    )
    ^
  File "C:\Users\zal80\AppData\Local\Programs\Python\Python313\Lib\site-packages\aiohttp\client.py", line 770, in _request
    resp = await handler(req)
           ^^^^^^^^^^^^^^^^^^
  File "C:\Users\zal80\AppData\Local\Programs\Python\Python313\Lib\site-packages\aiohttp\client.py", line 725, in _connect_and_send_request
    conn = await self._connector.connect(
           ^^^^^^^^^^^^^^^^^^^^^^^^^^^^^^
        req, traces=traces, timeout=real_timeout
        ^^^^^^^^^^^^^^^^^^^^^^^^^^^^^^^^^^^^^^^^
    )
    ^
  File "C:\Users\zal80\AppData\Local\Programs\Python\Python313\Lib\site-packages\aiohttp\connector.py", line 622, in connect
    proto = await self._create_connection(req, traces, timeout)
            ^^^^^^^^^^^^^^^^^^^^^^^^^^^^^^^^^^^^^^^^^^^^^^^^^^^
  File "C:\Users\zal80\AppData\Local\Programs\Python\Python313\Lib\site-packages\aiohttp\connector.py", line 1189, in _create_connection
    _, proto = await self._create_direct_connection(req, traces, timeout)
               ^^^^^^^^^^^^^^^^^^^^^^^^^^^^^^^^^^^^^^^^^^^^^^^^^^^^^^^^^^
  File "C:\Users\zal80\AppData\Local\Programs\Python\Python313\Lib\site-packages\aiohttp\connector.py", line 1518, in _create_direct_connection
    raise ClientConnectorDNSError(req.connection_key, exc) from exc
aiohttp.client_exceptions.ClientConnectorDNSError: Cannot connect to host sexworker.com:443 ssl:False [getaddrinfo failed]

2025-09-01 02:42:59,271 - root - ERROR - Error in Async HTTP Request [GET] https://rf-archive.com/users.php?s_tag=johndoe | Cannot connect to host rf-archive.com:443 ssl:False [The remote computer refused the network connection]
2025-09-01 02:42:59,271 - root - ERROR - Traceback (most recent call last):
  File "C:\Users\zal80\AppData\Local\Programs\Python\Python313\Lib\site-packages\aiohttp\connector.py", line 1248, in _wrap_create_connection
    sock = await aiohappyeyeballs.start_connection(
           ^^^^^^^^^^^^^^^^^^^^^^^^^^^^^^^^^^^^^^^^
    ...<6 lines>...
    )
    ^
  File "C:\Users\zal80\AppData\Local\Programs\Python\Python313\Lib\site-packages\aiohappyeyeballs\impl.py", line 122, in start_connection
    raise first_exception
  File "C:\Users\zal80\AppData\Local\Programs\Python\Python313\Lib\site-packages\aiohappyeyeballs\impl.py", line 73, in start_connection
    sock = await _connect_sock(
           ^^^^^^^^^^^^^^^^^^^^
    ...<6 lines>...
    )
    ^
  File "C:\Users\zal80\AppData\Local\Programs\Python\Python313\Lib\site-packages\aiohappyeyeballs\impl.py", line 208, in _connect_sock
    await loop.sock_connect(sock, address)
  File "C:\Users\zal80\AppData\Local\Programs\Python\Python313\Lib\asyncio\proactor_events.py", line 726, in sock_connect
    return await self._proactor.connect(sock, address)
           ^^^^^^^^^^^^^^^^^^^^^^^^^^^^^^^^^^^^^^^^^^^
  File "C:\Users\zal80\AppData\Local\Programs\Python\Python313\Lib\asyncio\windows_events.py", line 804, in _poll
    value = callback(transferred, key, ov)
  File "C:\Users\zal80\AppData\Local\Programs\Python\Python313\Lib\asyncio\windows_events.py", line 600, in finish_connect
    ov.getresult()
    ~~~~~~~~~~~~^^
ConnectionRefusedError: [WinError 1225] The remote computer refused the network connection

The above exception was the direct cause of the following exception:

Traceback (most recent call last):
  File "C:\Users\zal80\blackbird\src\modules\utils\http_client.py", line 53, in do_async_request
    response = await session.request(
               ^^^^^^^^^^^^^^^^^^^^^^
    ...<9 lines>...
    )
    ^
  File "C:\Users\zal80\AppData\Local\Programs\Python\Python313\Lib\site-packages\aiohttp\client.py", line 770, in _request
    resp = await handler(req)
           ^^^^^^^^^^^^^^^^^^
  File "C:\Users\zal80\AppData\Local\Programs\Python\Python313\Lib\site-packages\aiohttp\client.py", line 725, in _connect_and_send_request
    conn = await self._connector.connect(
           ^^^^^^^^^^^^^^^^^^^^^^^^^^^^^^
        req, traces=traces, timeout=real_timeout
        ^^^^^^^^^^^^^^^^^^^^^^^^^^^^^^^^^^^^^^^^
    )
    ^
  File "C:\Users\zal80\AppData\Local\Programs\Python\Python313\Lib\site-packages\aiohttp\connector.py", line 622, in connect
    proto = await self._create_connection(req, traces, timeout)
            ^^^^^^^^^^^^^^^^^^^^^^^^^^^^^^^^^^^^^^^^^^^^^^^^^^^
  File "C:\Users\zal80\AppData\Local\Programs\Python\Python313\Lib\site-packages\aiohttp\connector.py", line 1189, in _create_connection
    _, proto = await self._create_direct_connection(req, traces, timeout)
               ^^^^^^^^^^^^^^^^^^^^^^^^^^^^^^^^^^^^^^^^^^^^^^^^^^^^^^^^^^
  File "C:\Users\zal80\AppData\Local\Programs\Python\Python313\Lib\site-packages\aiohttp\connector.py", line 1561, in _create_direct_connection
    raise last_exc
  File "C:\Users\zal80\AppData\Local\Programs\Python\Python313\Lib\site-packages\aiohttp\connector.py", line 1530, in _create_direct_connection
    transp, proto = await self._wrap_create_connection(
                    ^^^^^^^^^^^^^^^^^^^^^^^^^^^^^^^^^^^
    ...<7 lines>...
    )
    ^
  File "C:\Users\zal80\AppData\Local\Programs\Python\Python313\Lib\site-packages\aiohttp\connector.py", line 1271, in _wrap_create_connection
    raise client_error(req.connection_key, exc) from exc
aiohttp.client_exceptions.ClientConnectorError: Cannot connect to host rf-archive.com:443 ssl:False [The remote computer refused the network connection]

2025-09-01 02:42:59,799 - root - ERROR - Error in Async HTTP Request [GET] https://teddysgirls.net/models/johndoe | Cannot connect to host teddysgirls.net:443 ssl:False [getaddrinfo failed]
2025-09-01 02:42:59,799 - root - ERROR - Traceback (most recent call last):
  File "C:\Users\zal80\AppData\Local\Programs\Python\Python313\Lib\site-packages\aiohttp\connector.py", line 1512, in _create_direct_connection
    hosts = await self._resolve_host(host, port, traces=traces)
            ^^^^^^^^^^^^^^^^^^^^^^^^^^^^^^^^^^^^^^^^^^^^^^^^^^^
  File "C:\Users\zal80\AppData\Local\Programs\Python\Python313\Lib\site-packages\aiohttp\connector.py", line 1128, in _resolve_host
    return await asyncio.shield(resolved_host_task)
           ^^^^^^^^^^^^^^^^^^^^^^^^^^^^^^^^^^^^^^^^
  File "C:\Users\zal80\AppData\Local\Programs\Python\Python313\Lib\site-packages\aiohttp\connector.py", line 1159, in _resolve_host_with_throttle
    addrs = await self._resolver.resolve(host, port, family=self._family)
            ^^^^^^^^^^^^^^^^^^^^^^^^^^^^^^^^^^^^^^^^^^^^^^^^^^^^^^^^^^^^^
  File "C:\Users\zal80\AppData\Local\Programs\Python\Python313\Lib\site-packages\aiohttp\resolver.py", line 40, in resolve
    infos = await self._loop.getaddrinfo(
            ^^^^^^^^^^^^^^^^^^^^^^^^^^^^^
    ...<5 lines>...
    )
    ^
  File "C:\Users\zal80\AppData\Local\Programs\Python\Python313\Lib\asyncio\base_events.py", line 939, in getaddrinfo
    return await self.run_in_executor(
           ^^^^^^^^^^^^^^^^^^^^^^^^^^^
        None, getaddr_func, host, port, family, type, proto, flags)
        ^^^^^^^^^^^^^^^^^^^^^^^^^^^^^^^^^^^^^^^^^^^^^^^^^^^^^^^^^^^
  File "C:\Users\zal80\AppData\Local\Programs\Python\Python313\Lib\concurrent\futures\thread.py", line 59, in run
    result = self.fn(*self.args, **self.kwargs)
  File "C:\Users\zal80\AppData\Local\Programs\Python\Python313\Lib\socket.py", line 977, in getaddrinfo
    for res in _socket.getaddrinfo(host, port, family, type, proto, flags):
               ~~~~~~~~~~~~~~~~~~~^^^^^^^^^^^^^^^^^^^^^^^^^^^^^^^^^^^^^^^^
socket.gaierror: [Errno 11002] getaddrinfo failed

The above exception was the direct cause of the following exception:

Traceback (most recent call last):
  File "C:\Users\zal80\blackbird\src\modules\utils\http_client.py", line 53, in do_async_request
    response = await session.request(
               ^^^^^^^^^^^^^^^^^^^^^^
    ...<9 lines>...
    )
    ^
  File "C:\Users\zal80\AppData\Local\Programs\Python\Python313\Lib\site-packages\aiohttp\client.py", line 770, in _request
    resp = await handler(req)
           ^^^^^^^^^^^^^^^^^^
  File "C:\Users\zal80\AppData\Local\Programs\Python\Python313\Lib\site-packages\aiohttp\client.py", line 725, in _connect_and_send_request
    conn = await self._connector.connect(
           ^^^^^^^^^^^^^^^^^^^^^^^^^^^^^^
        req, traces=traces, timeout=real_timeout
        ^^^^^^^^^^^^^^^^^^^^^^^^^^^^^^^^^^^^^^^^
    )
    ^
  File "C:\Users\zal80\AppData\Local\Programs\Python\Python313\Lib\site-packages\aiohttp\connector.py", line 622, in connect
    proto = await self._create_connection(req, traces, timeout)
            ^^^^^^^^^^^^^^^^^^^^^^^^^^^^^^^^^^^^^^^^^^^^^^^^^^^
  File "C:\Users\zal80\AppData\Local\Programs\Python\Python313\Lib\site-packages\aiohttp\connector.py", line 1189, in _create_connection
    _, proto = await self._create_direct_connection(req, traces, timeout)
               ^^^^^^^^^^^^^^^^^^^^^^^^^^^^^^^^^^^^^^^^^^^^^^^^^^^^^^^^^^
  File "C:\Users\zal80\AppData\Local\Programs\Python\Python313\Lib\site-packages\aiohttp\connector.py", line 1518, in _create_direct_connection
    raise ClientConnectorDNSError(req.connection_key, exc) from exc
aiohttp.client_exceptions.ClientConnectorDNSError: Cannot connect to host teddysgirls.net:443 ssl:False [getaddrinfo failed]

2025-09-01 02:43:00,030 - root - ERROR - Error in Async HTTP Request [GET] https://friendfinder.com/profile/johndoe | Cannot connect to host friendfinder.com:443 ssl:False [[SSL: UNSAFE_LEGACY_RENEGOTIATION_DISABLED] unsafe legacy renegotiation disabled (_ssl.c:1028)]
2025-09-01 02:43:00,030 - root - ERROR - Traceback (most recent call last):
  File "C:\Users\zal80\AppData\Local\Programs\Python\Python313\Lib\site-packages\aiohttp\connector.py", line 1263, in _wrap_create_connection
    return await self._loop.create_connection(*args, **kwargs, sock=sock)
           ^^^^^^^^^^^^^^^^^^^^^^^^^^^^^^^^^^^^^^^^^^^^^^^^^^^^^^^^^^^^^^
  File "C:\Users\zal80\AppData\Local\Programs\Python\Python313\Lib\asyncio\base_events.py", line 1193, in create_connection
    transport, protocol = await self._create_connection_transport(
                          ^^^^^^^^^^^^^^^^^^^^^^^^^^^^^^^^^^^^^^^^
    ...<2 lines>...
        ssl_shutdown_timeout=ssl_shutdown_timeout)
        ^^^^^^^^^^^^^^^^^^^^^^^^^^^^^^^^^^^^^^^^^^
  File "C:\Users\zal80\AppData\Local\Programs\Python\Python313\Lib\asyncio\base_events.py", line 1226, in _create_connection_transport
    await waiter
  File "C:\Users\zal80\AppData\Local\Programs\Python\Python313\Lib\asyncio\sslproto.py", line 581, in _on_handshake_complete
    raise handshake_exc
  File "C:\Users\zal80\AppData\Local\Programs\Python\Python313\Lib\asyncio\sslproto.py", line 563, in _do_handshake
    self._sslobj.do_handshake()
    ~~~~~~~~~~~~~~~~~~~~~~~~~^^
  File "C:\Users\zal80\AppData\Local\Programs\Python\Python313\Lib\ssl.py", line 951, in do_handshake
    self._sslobj.do_handshake()
    ~~~~~~~~~~~~~~~~~~~~~~~~~^^
ssl.SSLError: [SSL: UNSAFE_LEGACY_RENEGOTIATION_DISABLED] unsafe legacy renegotiation disabled (_ssl.c:1028)

The above exception was the direct cause of the following exception:

Traceback (most recent call last):
  File "C:\Users\zal80\blackbird\src\modules\utils\http_client.py", line 53, in do_async_request
    response = await session.request(
               ^^^^^^^^^^^^^^^^^^^^^^
    ...<9 lines>...
    )
    ^
  File "C:\Users\zal80\AppData\Local\Programs\Python\Python313\Lib\site-packages\aiohttp\client.py", line 770, in _request
    resp = await handler(req)
           ^^^^^^^^^^^^^^^^^^
  File "C:\Users\zal80\AppData\Local\Programs\Python\Python313\Lib\site-packages\aiohttp\client.py", line 725, in _connect_and_send_request
    conn = await self._connector.connect(
           ^^^^^^^^^^^^^^^^^^^^^^^^^^^^^^
        req, traces=traces, timeout=real_timeout
        ^^^^^^^^^^^^^^^^^^^^^^^^^^^^^^^^^^^^^^^^
    )
    ^
  File "C:\Users\zal80\AppData\Local\Programs\Python\Python313\Lib\site-packages\aiohttp\connector.py", line 622, in connect
    proto = await self._create_connection(req, traces, timeout)
            ^^^^^^^^^^^^^^^^^^^^^^^^^^^^^^^^^^^^^^^^^^^^^^^^^^^
  File "C:\Users\zal80\AppData\Local\Programs\Python\Python313\Lib\site-packages\aiohttp\connector.py", line 1189, in _create_connection
    _, proto = await self._create_direct_connection(req, traces, timeout)
               ^^^^^^^^^^^^^^^^^^^^^^^^^^^^^^^^^^^^^^^^^^^^^^^^^^^^^^^^^^
  File "C:\Users\zal80\AppData\Local\Programs\Python\Python313\Lib\site-packages\aiohttp\connector.py", line 1561, in _create_direct_connection
    raise last_exc
  File "C:\Users\zal80\AppData\Local\Programs\Python\Python313\Lib\site-packages\aiohttp\connector.py", line 1530, in _create_direct_connection
    transp, proto = await self._wrap_create_connection(
                    ^^^^^^^^^^^^^^^^^^^^^^^^^^^^^^^^^^^
    ...<7 lines>...
    )
    ^
  File "C:\Users\zal80\AppData\Local\Programs\Python\Python313\Lib\site-packages\aiohttp\connector.py", line 1267, in _wrap_create_connection
    raise ClientConnectorSSLError(req.connection_key, exc) from exc
aiohttp.client_exceptions.ClientConnectorSSLError: Cannot connect to host friendfinder.com:443 ssl:False [[SSL: UNSAFE_LEGACY_RENEGOTIATION_DISABLED] unsafe legacy renegotiation disabled (_ssl.c:1028)]

2025-09-01 02:43:01,735 - root - ERROR - Error in Async HTTP Request [GET] https://cracked.io/johndoe | Cannot connect to host cracked.io:443 ssl:False [getaddrinfo failed]
2025-09-01 02:43:01,735 - root - ERROR - Traceback (most recent call last):
  File "C:\Users\zal80\AppData\Local\Programs\Python\Python313\Lib\site-packages\aiohttp\connector.py", line 1512, in _create_direct_connection
    hosts = await self._resolve_host(host, port, traces=traces)
            ^^^^^^^^^^^^^^^^^^^^^^^^^^^^^^^^^^^^^^^^^^^^^^^^^^^
  File "C:\Users\zal80\AppData\Local\Programs\Python\Python313\Lib\site-packages\aiohttp\connector.py", line 1128, in _resolve_host
    return await asyncio.shield(resolved_host_task)
           ^^^^^^^^^^^^^^^^^^^^^^^^^^^^^^^^^^^^^^^^
  File "C:\Users\zal80\AppData\Local\Programs\Python\Python313\Lib\site-packages\aiohttp\connector.py", line 1159, in _resolve_host_with_throttle
    addrs = await self._resolver.resolve(host, port, family=self._family)
            ^^^^^^^^^^^^^^^^^^^^^^^^^^^^^^^^^^^^^^^^^^^^^^^^^^^^^^^^^^^^^
  File "C:\Users\zal80\AppData\Local\Programs\Python\Python313\Lib\site-packages\aiohttp\resolver.py", line 40, in resolve
    infos = await self._loop.getaddrinfo(
            ^^^^^^^^^^^^^^^^^^^^^^^^^^^^^
    ...<5 lines>...
    )
    ^
  File "C:\Users\zal80\AppData\Local\Programs\Python\Python313\Lib\asyncio\base_events.py", line 939, in getaddrinfo
    return await self.run_in_executor(
           ^^^^^^^^^^^^^^^^^^^^^^^^^^^
        None, getaddr_func, host, port, family, type, proto, flags)
        ^^^^^^^^^^^^^^^^^^^^^^^^^^^^^^^^^^^^^^^^^^^^^^^^^^^^^^^^^^^
  File "C:\Users\zal80\AppData\Local\Programs\Python\Python313\Lib\concurrent\futures\thread.py", line 59, in run
    result = self.fn(*self.args, **self.kwargs)
  File "C:\Users\zal80\AppData\Local\Programs\Python\Python313\Lib\socket.py", line 977, in getaddrinfo
    for res in _socket.getaddrinfo(host, port, family, type, proto, flags):
               ~~~~~~~~~~~~~~~~~~~^^^^^^^^^^^^^^^^^^^^^^^^^^^^^^^^^^^^^^^^
socket.gaierror: [Errno 11002] getaddrinfo failed

The above exception was the direct cause of the following exception:

Traceback (most recent call last):
  File "C:\Users\zal80\blackbird\src\modules\utils\http_client.py", line 53, in do_async_request
    response = await session.request(
               ^^^^^^^^^^^^^^^^^^^^^^
    ...<9 lines>...
    )
    ^
  File "C:\Users\zal80\AppData\Local\Programs\Python\Python313\Lib\site-packages\aiohttp\client.py", line 770, in _request
    resp = await handler(req)
           ^^^^^^^^^^^^^^^^^^
  File "C:\Users\zal80\AppData\Local\Programs\Python\Python313\Lib\site-packages\aiohttp\client.py", line 725, in _connect_and_send_request
    conn = await self._connector.connect(
           ^^^^^^^^^^^^^^^^^^^^^^^^^^^^^^
        req, traces=traces, timeout=real_timeout
        ^^^^^^^^^^^^^^^^^^^^^^^^^^^^^^^^^^^^^^^^
    )
    ^
  File "C:\Users\zal80\AppData\Local\Programs\Python\Python313\Lib\site-packages\aiohttp\connector.py", line 622, in connect
    proto = await self._create_connection(req, traces, timeout)
            ^^^^^^^^^^^^^^^^^^^^^^^^^^^^^^^^^^^^^^^^^^^^^^^^^^^
  File "C:\Users\zal80\AppData\Local\Programs\Python\Python313\Lib\site-packages\aiohttp\connector.py", line 1189, in _create_connection
    _, proto = await self._create_direct_connection(req, traces, timeout)
               ^^^^^^^^^^^^^^^^^^^^^^^^^^^^^^^^^^^^^^^^^^^^^^^^^^^^^^^^^^
  File "C:\Users\zal80\AppData\Local\Programs\Python\Python313\Lib\site-packages\aiohttp\connector.py", line 1518, in _create_direct_connection
    raise ClientConnectorDNSError(req.connection_key, exc) from exc
aiohttp.client_exceptions.ClientConnectorDNSError: Cannot connect to host cracked.io:443 ssl:False [getaddrinfo failed]

2025-09-01 02:43:03,325 - root - ERROR - Error in Async HTTP Request [GET] https://johndoe.statuspage.io/api/v2/status.json | Expecting value: line 1 column 1 (char 0)
2025-09-01 02:43:03,325 - root - ERROR - Traceback (most recent call last):
  File "C:\Users\zal80\blackbird\src\modules\utils\http_client.py", line 75, in do_async_request
    json = await response.json()
           ^^^^^^^^^^^^^^^^^^^^^
  File "C:\Users\zal80\AppData\Local\Programs\Python\Python313\Lib\site-packages\aiohttp\client_reqrep.py", line 766, in json
    return loads(stripped.decode(encoding))
  File "C:\Users\zal80\AppData\Local\Programs\Python\Python313\Lib\json\__init__.py", line 346, in loads
    return _default_decoder.decode(s)
           ~~~~~~~~~~~~~~~~~~~~~~~^^^
  File "C:\Users\zal80\AppData\Local\Programs\Python\Python313\Lib\json\decoder.py", line 345, in decode
    obj, end = self.raw_decode(s, idx=_w(s, 0).end())
               ~~~~~~~~~~~~~~~^^^^^^^^^^^^^^^^^^^^^^^
  File "C:\Users\zal80\AppData\Local\Programs\Python\Python313\Lib\json\decoder.py", line 363, in raw_decode
    raise JSONDecodeError("Expecting value", s, err.value) from None
json.decoder.JSONDecodeError: Expecting value: line 1 column 1 (char 0)

2025-09-01 02:43:04,165 - root - ERROR - Error in Async HTTP Request [GET] https://www.gtainside.com/user/johndoe | Cannot connect to host www.gtainside.com:443 ssl:False [getaddrinfo failed]
2025-09-01 02:43:04,165 - root - ERROR - Traceback (most recent call last):
  File "C:\Users\zal80\AppData\Local\Programs\Python\Python313\Lib\site-packages\aiohttp\connector.py", line 1512, in _create_direct_connection
    hosts = await self._resolve_host(host, port, traces=traces)
            ^^^^^^^^^^^^^^^^^^^^^^^^^^^^^^^^^^^^^^^^^^^^^^^^^^^
  File "C:\Users\zal80\AppData\Local\Programs\Python\Python313\Lib\site-packages\aiohttp\connector.py", line 1128, in _resolve_host
    return await asyncio.shield(resolved_host_task)
           ^^^^^^^^^^^^^^^^^^^^^^^^^^^^^^^^^^^^^^^^
  File "C:\Users\zal80\AppData\Local\Programs\Python\Python313\Lib\site-packages\aiohttp\connector.py", line 1159, in _resolve_host_with_throttle
    addrs = await self._resolver.resolve(host, port, family=self._family)
            ^^^^^^^^^^^^^^^^^^^^^^^^^^^^^^^^^^^^^^^^^^^^^^^^^^^^^^^^^^^^^
  File "C:\Users\zal80\AppData\Local\Programs\Python\Python313\Lib\site-packages\aiohttp\resolver.py", line 40, in resolve
    infos = await self._loop.getaddrinfo(
            ^^^^^^^^^^^^^^^^^^^^^^^^^^^^^
    ...<5 lines>...
    )
    ^
  File "C:\Users\zal80\AppData\Local\Programs\Python\Python313\Lib\asyncio\base_events.py", line 939, in getaddrinfo
    return await self.run_in_executor(
           ^^^^^^^^^^^^^^^^^^^^^^^^^^^
        None, getaddr_func, host, port, family, type, proto, flags)
        ^^^^^^^^^^^^^^^^^^^^^^^^^^^^^^^^^^^^^^^^^^^^^^^^^^^^^^^^^^^
  File "C:\Users\zal80\AppData\Local\Programs\Python\Python313\Lib\concurrent\futures\thread.py", line 59, in run
    result = self.fn(*self.args, **self.kwargs)
  File "C:\Users\zal80\AppData\Local\Programs\Python\Python313\Lib\socket.py", line 977, in getaddrinfo
    for res in _socket.getaddrinfo(host, port, family, type, proto, flags):
               ~~~~~~~~~~~~~~~~~~~^^^^^^^^^^^^^^^^^^^^^^^^^^^^^^^^^^^^^^^^
socket.gaierror: [Errno 11001] getaddrinfo failed

The above exception was the direct cause of the following exception:

Traceback (most recent call last):
  File "C:\Users\zal80\blackbird\src\modules\utils\http_client.py", line 53, in do_async_request
    response = await session.request(
               ^^^^^^^^^^^^^^^^^^^^^^
    ...<9 lines>...
    )
    ^
  File "C:\Users\zal80\AppData\Local\Programs\Python\Python313\Lib\site-packages\aiohttp\client.py", line 770, in _request
    resp = await handler(req)
           ^^^^^^^^^^^^^^^^^^
  File "C:\Users\zal80\AppData\Local\Programs\Python\Python313\Lib\site-packages\aiohttp\client.py", line 725, in _connect_and_send_request
    conn = await self._connector.connect(
           ^^^^^^^^^^^^^^^^^^^^^^^^^^^^^^
        req, traces=traces, timeout=real_timeout
        ^^^^^^^^^^^^^^^^^^^^^^^^^^^^^^^^^^^^^^^^
    )
    ^
  File "C:\Users\zal80\AppData\Local\Programs\Python\Python313\Lib\site-packages\aiohttp\connector.py", line 622, in connect
    proto = await self._create_connection(req, traces, timeout)
            ^^^^^^^^^^^^^^^^^^^^^^^^^^^^^^^^^^^^^^^^^^^^^^^^^^^
  File "C:\Users\zal80\AppData\Local\Programs\Python\Python313\Lib\site-packages\aiohttp\connector.py", line 1189, in _create_connection
    _, proto = await self._create_direct_connection(req, traces, timeout)
               ^^^^^^^^^^^^^^^^^^^^^^^^^^^^^^^^^^^^^^^^^^^^^^^^^^^^^^^^^^
  File "C:\Users\zal80\AppData\Local\Programs\Python\Python313\Lib\site-packages\aiohttp\connector.py", line 1518, in _create_direct_connection
    raise ClientConnectorDNSError(req.connection_key, exc) from exc
aiohttp.client_exceptions.ClientConnectorDNSError: Cannot connect to host www.gtainside.com:443 ssl:False [getaddrinfo failed]

2025-09-01 02:43:07,702 - root - ERROR - Error in Async HTTP Request [GET] https://pokec.azet.sk/johndoe | Cannot connect to host pokec.azet.sk:443 ssl:False [The remote computer refused the network connection]
2025-09-01 02:43:07,703 - root - ERROR - Traceback (most recent call last):
  File "C:\Users\zal80\AppData\Local\Programs\Python\Python313\Lib\site-packages\aiohttp\connector.py", line 1248, in _wrap_create_connection
    sock = await aiohappyeyeballs.start_connection(
           ^^^^^^^^^^^^^^^^^^^^^^^^^^^^^^^^^^^^^^^^
    ...<6 lines>...
    )
    ^
  File "C:\Users\zal80\AppData\Local\Programs\Python\Python313\Lib\site-packages\aiohappyeyeballs\impl.py", line 122, in start_connection
    raise first_exception
  File "C:\Users\zal80\AppData\Local\Programs\Python\Python313\Lib\site-packages\aiohappyeyeballs\impl.py", line 73, in start_connection
    sock = await _connect_sock(
           ^^^^^^^^^^^^^^^^^^^^
    ...<6 lines>...
    )
    ^
  File "C:\Users\zal80\AppData\Local\Programs\Python\Python313\Lib\site-packages\aiohappyeyeballs\impl.py", line 208, in _connect_sock
    await loop.sock_connect(sock, address)
  File "C:\Users\zal80\AppData\Local\Programs\Python\Python313\Lib\asyncio\proactor_events.py", line 726, in sock_connect
    return await self._proactor.connect(sock, address)
           ^^^^^^^^^^^^^^^^^^^^^^^^^^^^^^^^^^^^^^^^^^^
  File "C:\Users\zal80\AppData\Local\Programs\Python\Python313\Lib\asyncio\windows_events.py", line 804, in _poll
    value = callback(transferred, key, ov)
  File "C:\Users\zal80\AppData\Local\Programs\Python\Python313\Lib\asyncio\windows_events.py", line 600, in finish_connect
    ov.getresult()
    ~~~~~~~~~~~~^^
ConnectionRefusedError: [WinError 1225] The remote computer refused the network connection

The above exception was the direct cause of the following exception:

Traceback (most recent call last):
  File "C:\Users\zal80\blackbird\src\modules\utils\http_client.py", line 53, in do_async_request
    response = await session.request(
               ^^^^^^^^^^^^^^^^^^^^^^
    ...<9 lines>...
    )
    ^
  File "C:\Users\zal80\AppData\Local\Programs\Python\Python313\Lib\site-packages\aiohttp\client.py", line 770, in _request
    resp = await handler(req)
           ^^^^^^^^^^^^^^^^^^
  File "C:\Users\zal80\AppData\Local\Programs\Python\Python313\Lib\site-packages\aiohttp\client.py", line 725, in _connect_and_send_request
    conn = await self._connector.connect(
           ^^^^^^^^^^^^^^^^^^^^^^^^^^^^^^
        req, traces=traces, timeout=real_timeout
        ^^^^^^^^^^^^^^^^^^^^^^^^^^^^^^^^^^^^^^^^
    )
    ^
  File "C:\Users\zal80\AppData\Local\Programs\Python\Python313\Lib\site-packages\aiohttp\connector.py", line 622, in connect
    proto = await self._create_connection(req, traces, timeout)
            ^^^^^^^^^^^^^^^^^^^^^^^^^^^^^^^^^^^^^^^^^^^^^^^^^^^
  File "C:\Users\zal80\AppData\Local\Programs\Python\Python313\Lib\site-packages\aiohttp\connector.py", line 1189, in _create_connection
    _, proto = await self._create_direct_connection(req, traces, timeout)
               ^^^^^^^^^^^^^^^^^^^^^^^^^^^^^^^^^^^^^^^^^^^^^^^^^^^^^^^^^^
  File "C:\Users\zal80\AppData\Local\Programs\Python\Python313\Lib\site-packages\aiohttp\connector.py", line 1561, in _create_direct_connection
    raise last_exc
  File "C:\Users\zal80\AppData\Local\Programs\Python\Python313\Lib\site-packages\aiohttp\connector.py", line 1530, in _create_direct_connection
    transp, proto = await self._wrap_create_connection(
                    ^^^^^^^^^^^^^^^^^^^^^^^^^^^^^^^^^^^
    ...<7 lines>...
    )
    ^
  File "C:\Users\zal80\AppData\Local\Programs\Python\Python313\Lib\site-packages\aiohttp\connector.py", line 1271, in _wrap_create_connection
    raise client_error(req.connection_key, exc) from exc
aiohttp.client_exceptions.ClientConnectorError: Cannot connect to host pokec.azet.sk:443 ssl:False [The remote computer refused the network connection]

2025-09-01 02:43:24,295 - root - ERROR - Error in Async HTTP Request [GET] https://imgsrc.ru/main/user.php?lang=ru&user=johndoe | Cannot connect to host imgsrc.ru:443 ssl:False [The semaphore timeout period has expired]
2025-09-01 02:43:24,295 - root - ERROR - Traceback (most recent call last):
  File "C:\Users\zal80\AppData\Local\Programs\Python\Python313\Lib\site-packages\aiohttp\connector.py", line 1248, in _wrap_create_connection
    sock = await aiohappyeyeballs.start_connection(
           ^^^^^^^^^^^^^^^^^^^^^^^^^^^^^^^^^^^^^^^^
    ...<6 lines>...
    )
    ^
  File "C:\Users\zal80\AppData\Local\Programs\Python\Python313\Lib\site-packages\aiohappyeyeballs\impl.py", line 122, in start_connection
    raise first_exception
  File "C:\Users\zal80\AppData\Local\Programs\Python\Python313\Lib\site-packages\aiohappyeyeballs\impl.py", line 73, in start_connection
    sock = await _connect_sock(
           ^^^^^^^^^^^^^^^^^^^^
    ...<6 lines>...
    )
    ^
  File "C:\Users\zal80\AppData\Local\Programs\Python\Python313\Lib\site-packages\aiohappyeyeballs\impl.py", line 208, in _connect_sock
    await loop.sock_connect(sock, address)
  File "C:\Users\zal80\AppData\Local\Programs\Python\Python313\Lib\asyncio\proactor_events.py", line 726, in sock_connect
    return await self._proactor.connect(sock, address)
           ^^^^^^^^^^^^^^^^^^^^^^^^^^^^^^^^^^^^^^^^^^^
  File "C:\Users\zal80\AppData\Local\Programs\Python\Python313\Lib\asyncio\windows_events.py", line 804, in _poll
    value = callback(transferred, key, ov)
  File "C:\Users\zal80\AppData\Local\Programs\Python\Python313\Lib\asyncio\windows_events.py", line 600, in finish_connect
    ov.getresult()
    ~~~~~~~~~~~~^^
OSError: [WinError 121] The semaphore timeout period has expired

The above exception was the direct cause of the following exception:

Traceback (most recent call last):
  File "C:\Users\zal80\blackbird\src\modules\utils\http_client.py", line 53, in do_async_request
    response = await session.request(
               ^^^^^^^^^^^^^^^^^^^^^^
    ...<9 lines>...
    )
    ^
  File "C:\Users\zal80\AppData\Local\Programs\Python\Python313\Lib\site-packages\aiohttp\client.py", line 770, in _request
    resp = await handler(req)
           ^^^^^^^^^^^^^^^^^^
  File "C:\Users\zal80\AppData\Local\Programs\Python\Python313\Lib\site-packages\aiohttp\client.py", line 725, in _connect_and_send_request
    conn = await self._connector.connect(
           ^^^^^^^^^^^^^^^^^^^^^^^^^^^^^^
        req, traces=traces, timeout=real_timeout
        ^^^^^^^^^^^^^^^^^^^^^^^^^^^^^^^^^^^^^^^^
    )
    ^
  File "C:\Users\zal80\AppData\Local\Programs\Python\Python313\Lib\site-packages\aiohttp\connector.py", line 622, in connect
    proto = await self._create_connection(req, traces, timeout)
            ^^^^^^^^^^^^^^^^^^^^^^^^^^^^^^^^^^^^^^^^^^^^^^^^^^^
  File "C:\Users\zal80\AppData\Local\Programs\Python\Python313\Lib\site-packages\aiohttp\connector.py", line 1189, in _create_connection
    _, proto = await self._create_direct_connection(req, traces, timeout)
               ^^^^^^^^^^^^^^^^^^^^^^^^^^^^^^^^^^^^^^^^^^^^^^^^^^^^^^^^^^
  File "C:\Users\zal80\AppData\Local\Programs\Python\Python313\Lib\site-packages\aiohttp\connector.py", line 1561, in _create_direct_connection
    raise last_exc
  File "C:\Users\zal80\AppData\Local\Programs\Python\Python313\Lib\site-packages\aiohttp\connector.py", line 1530, in _create_direct_connection
    transp, proto = await self._wrap_create_connection(
                    ^^^^^^^^^^^^^^^^^^^^^^^^^^^^^^^^^^^
    ...<7 lines>...
    )
    ^
  File "C:\Users\zal80\AppData\Local\Programs\Python\Python313\Lib\site-packages\aiohttp\connector.py", line 1271, in _wrap_create_connection
    raise client_error(req.connection_key, exc) from exc
aiohttp.client_exceptions.ClientConnectorError: Cannot connect to host imgsrc.ru:443 ssl:False [The semaphore timeout period has expired]

2025-09-01 02:43:26,452 - root - ERROR - Error in Async HTTP Request [GET] http://www.pokerstrategy.net/user/johndoe/profile/ | Cannot connect to host www.pokerstrategy.net:80 ssl:False [The semaphore timeout period has expired]
2025-09-01 02:43:26,452 - root - ERROR - Traceback (most recent call last):
  File "C:\Users\zal80\AppData\Local\Programs\Python\Python313\Lib\site-packages\aiohttp\connector.py", line 1248, in _wrap_create_connection
    sock = await aiohappyeyeballs.start_connection(
           ^^^^^^^^^^^^^^^^^^^^^^^^^^^^^^^^^^^^^^^^
    ...<6 lines>...
    )
    ^
  File "C:\Users\zal80\AppData\Local\Programs\Python\Python313\Lib\site-packages\aiohappyeyeballs\impl.py", line 122, in start_connection
    raise first_exception
  File "C:\Users\zal80\AppData\Local\Programs\Python\Python313\Lib\site-packages\aiohappyeyeballs\impl.py", line 73, in start_connection
    sock = await _connect_sock(
           ^^^^^^^^^^^^^^^^^^^^
    ...<6 lines>...
    )
    ^
  File "C:\Users\zal80\AppData\Local\Programs\Python\Python313\Lib\site-packages\aiohappyeyeballs\impl.py", line 208, in _connect_sock
    await loop.sock_connect(sock, address)
  File "C:\Users\zal80\AppData\Local\Programs\Python\Python313\Lib\asyncio\proactor_events.py", line 726, in sock_connect
    return await self._proactor.connect(sock, address)
           ^^^^^^^^^^^^^^^^^^^^^^^^^^^^^^^^^^^^^^^^^^^
  File "C:\Users\zal80\AppData\Local\Programs\Python\Python313\Lib\asyncio\windows_events.py", line 804, in _poll
    value = callback(transferred, key, ov)
  File "C:\Users\zal80\AppData\Local\Programs\Python\Python313\Lib\asyncio\windows_events.py", line 600, in finish_connect
    ov.getresult()
    ~~~~~~~~~~~~^^
OSError: [WinError 121] The semaphore timeout period has expired

The above exception was the direct cause of the following exception:

Traceback (most recent call last):
  File "C:\Users\zal80\blackbird\src\modules\utils\http_client.py", line 53, in do_async_request
    response = await session.request(
               ^^^^^^^^^^^^^^^^^^^^^^
    ...<9 lines>...
    )
    ^
  File "C:\Users\zal80\AppData\Local\Programs\Python\Python313\Lib\site-packages\aiohttp\client.py", line 770, in _request
    resp = await handler(req)
           ^^^^^^^^^^^^^^^^^^
  File "C:\Users\zal80\AppData\Local\Programs\Python\Python313\Lib\site-packages\aiohttp\client.py", line 725, in _connect_and_send_request
    conn = await self._connector.connect(
           ^^^^^^^^^^^^^^^^^^^^^^^^^^^^^^
        req, traces=traces, timeout=real_timeout
        ^^^^^^^^^^^^^^^^^^^^^^^^^^^^^^^^^^^^^^^^
    )
    ^
  File "C:\Users\zal80\AppData\Local\Programs\Python\Python313\Lib\site-packages\aiohttp\connector.py", line 622, in connect
    proto = await self._create_connection(req, traces, timeout)
            ^^^^^^^^^^^^^^^^^^^^^^^^^^^^^^^^^^^^^^^^^^^^^^^^^^^
  File "C:\Users\zal80\AppData\Local\Programs\Python\Python313\Lib\site-packages\aiohttp\connector.py", line 1189, in _create_connection
    _, proto = await self._create_direct_connection(req, traces, timeout)
               ^^^^^^^^^^^^^^^^^^^^^^^^^^^^^^^^^^^^^^^^^^^^^^^^^^^^^^^^^^
  File "C:\Users\zal80\AppData\Local\Programs\Python\Python313\Lib\site-packages\aiohttp\connector.py", line 1561, in _create_direct_connection
    raise last_exc
  File "C:\Users\zal80\AppData\Local\Programs\Python\Python313\Lib\site-packages\aiohttp\connector.py", line 1530, in _create_direct_connection
    transp, proto = await self._wrap_create_connection(
                    ^^^^^^^^^^^^^^^^^^^^^^^^^^^^^^^^^^^
    ...<7 lines>...
    )
    ^
  File "C:\Users\zal80\AppData\Local\Programs\Python\Python313\Lib\site-packages\aiohttp\connector.py", line 1271, in _wrap_create_connection
    raise client_error(req.connection_key, exc) from exc
aiohttp.client_exceptions.ClientConnectorError: Cannot connect to host www.pokerstrategy.net:80 ssl:False [The semaphore timeout period has expired]

2025-09-01 02:43:31,670 - root - ERROR - Error in Async HTTP Request [GET] https://www.gigapan.com/profiles/johndoe | TimeoutError()
2025-09-01 02:43:31,671 - root - ERROR - Traceback (most recent call last):
  File "C:\Users\zal80\AppData\Local\Programs\Python\Python313\Lib\site-packages\aiohttp\client_reqrep.py", line 532, in start
    message, payload = await protocol.read()  # type: ignore[union-attr]
                       ^^^^^^^^^^^^^^^^^^^^^
  File "C:\Users\zal80\AppData\Local\Programs\Python\Python313\Lib\site-packages\aiohttp\streams.py", line 672, in read
    await self._waiter
asyncio.exceptions.CancelledError

The above exception was the direct cause of the following exception:

Traceback (most recent call last):
  File "C:\Users\zal80\blackbird\src\modules\utils\http_client.py", line 53, in do_async_request
    response = await session.request(
               ^^^^^^^^^^^^^^^^^^^^^^
    ...<9 lines>...
    )
    ^
  File "C:\Users\zal80\AppData\Local\Programs\Python\Python313\Lib\site-packages\aiohttp\client.py", line 770, in _request
    resp = await handler(req)
           ^^^^^^^^^^^^^^^^^^
  File "C:\Users\zal80\AppData\Local\Programs\Python\Python313\Lib\site-packages\aiohttp\client.py", line 748, in _connect_and_send_request
    await resp.start(conn)
  File "C:\Users\zal80\AppData\Local\Programs\Python\Python313\Lib\site-packages\aiohttp\client_reqrep.py", line 527, in start
    with self._timer:
         ^^^^^^^^^^^
  File "C:\Users\zal80\AppData\Local\Programs\Python\Python313\Lib\site-packages\aiohttp\helpers.py", line 685, in __exit__
    raise asyncio.TimeoutError from exc_val
TimeoutError

2025-09-01 02:43:31,693 - urllib3.connectionpool - DEBUG - Starting new HTTPS connection (1): ai.blackbird.run:443
2025-09-01 02:43:51,372 - urllib3.connectionpool - DEBUG - Starting new HTTPS connection (1): raw.githubusercontent.com:443
2025-09-01 02:43:51,416 - urllib3.connectionpool - DEBUG - https://raw.githubusercontent.com:443 "GET /WebBreacher/WhatsMyName/main/wmn-data.json HTTP/1.1" 200 45832
2025-09-01 02:43:53,991 - asyncio - DEBUG - Using proactor: IocpProactor
2025-09-01 02:43:54,007 - root - ERROR - Error in Async HTTP Request [GET] https://sexworker.com/api/profile/zal800 | Cannot connect to host sexworker.com:443 ssl:False [getaddrinfo failed]
2025-09-01 02:43:54,007 - root - ERROR - Traceback (most recent call last):
  File "C:\Users\zal80\AppData\Local\Programs\Python\Python313\Lib\site-packages\aiohttp\connector.py", line 1512, in _create_direct_connection
    hosts = await self._resolve_host(host, port, traces=traces)
            ^^^^^^^^^^^^^^^^^^^^^^^^^^^^^^^^^^^^^^^^^^^^^^^^^^^
  File "C:\Users\zal80\AppData\Local\Programs\Python\Python313\Lib\site-packages\aiohttp\connector.py", line 1128, in _resolve_host
    return await asyncio.shield(resolved_host_task)
           ^^^^^^^^^^^^^^^^^^^^^^^^^^^^^^^^^^^^^^^^
  File "C:\Users\zal80\AppData\Local\Programs\Python\Python313\Lib\site-packages\aiohttp\connector.py", line 1159, in _resolve_host_with_throttle
    addrs = await self._resolver.resolve(host, port, family=self._family)
            ^^^^^^^^^^^^^^^^^^^^^^^^^^^^^^^^^^^^^^^^^^^^^^^^^^^^^^^^^^^^^
  File "C:\Users\zal80\AppData\Local\Programs\Python\Python313\Lib\site-packages\aiohttp\resolver.py", line 40, in resolve
    infos = await self._loop.getaddrinfo(
            ^^^^^^^^^^^^^^^^^^^^^^^^^^^^^
    ...<5 lines>...
    )
    ^
  File "C:\Users\zal80\AppData\Local\Programs\Python\Python313\Lib\asyncio\base_events.py", line 939, in getaddrinfo
    return await self.run_in_executor(
           ^^^^^^^^^^^^^^^^^^^^^^^^^^^
        None, getaddr_func, host, port, family, type, proto, flags)
        ^^^^^^^^^^^^^^^^^^^^^^^^^^^^^^^^^^^^^^^^^^^^^^^^^^^^^^^^^^^
  File "C:\Users\zal80\AppData\Local\Programs\Python\Python313\Lib\concurrent\futures\thread.py", line 59, in run
    result = self.fn(*self.args, **self.kwargs)
  File "C:\Users\zal80\AppData\Local\Programs\Python\Python313\Lib\socket.py", line 977, in getaddrinfo
    for res in _socket.getaddrinfo(host, port, family, type, proto, flags):
               ~~~~~~~~~~~~~~~~~~~^^^^^^^^^^^^^^^^^^^^^^^^^^^^^^^^^^^^^^^^
socket.gaierror: [Errno 11001] getaddrinfo failed

The above exception was the direct cause of the following exception:

Traceback (most recent call last):
  File "C:\Users\zal80\blackbird\src\modules\utils\http_client.py", line 53, in do_async_request
    response = await session.request(
               ^^^^^^^^^^^^^^^^^^^^^^
    ...<9 lines>...
    )
    ^
  File "C:\Users\zal80\AppData\Local\Programs\Python\Python313\Lib\site-packages\aiohttp\client.py", line 770, in _request
    resp = await handler(req)
           ^^^^^^^^^^^^^^^^^^
  File "C:\Users\zal80\AppData\Local\Programs\Python\Python313\Lib\site-packages\aiohttp\client.py", line 725, in _connect_and_send_request
    conn = await self._connector.connect(
           ^^^^^^^^^^^^^^^^^^^^^^^^^^^^^^
        req, traces=traces, timeout=real_timeout
        ^^^^^^^^^^^^^^^^^^^^^^^^^^^^^^^^^^^^^^^^
    )
    ^
  File "C:\Users\zal80\AppData\Local\Programs\Python\Python313\Lib\site-packages\aiohttp\connector.py", line 622, in connect
    proto = await self._create_connection(req, traces, timeout)
            ^^^^^^^^^^^^^^^^^^^^^^^^^^^^^^^^^^^^^^^^^^^^^^^^^^^
  File "C:\Users\zal80\AppData\Local\Programs\Python\Python313\Lib\site-packages\aiohttp\connector.py", line 1189, in _create_connection
    _, proto = await self._create_direct_connection(req, traces, timeout)
               ^^^^^^^^^^^^^^^^^^^^^^^^^^^^^^^^^^^^^^^^^^^^^^^^^^^^^^^^^^
  File "C:\Users\zal80\AppData\Local\Programs\Python\Python313\Lib\site-packages\aiohttp\connector.py", line 1518, in _create_direct_connection
    raise ClientConnectorDNSError(req.connection_key, exc) from exc
aiohttp.client_exceptions.ClientConnectorDNSError: Cannot connect to host sexworker.com:443 ssl:False [getaddrinfo failed]

2025-09-01 02:43:54,591 - root - ERROR - Error in Async HTTP Request [GET] https://friendfinder.com/profile/zal800 | Cannot connect to host friendfinder.com:443 ssl:False [[SSL: UNSAFE_LEGACY_RENEGOTIATION_DISABLED] unsafe legacy renegotiation disabled (_ssl.c:1028)]
2025-09-01 02:43:54,591 - root - ERROR - Traceback (most recent call last):
  File "C:\Users\zal80\AppData\Local\Programs\Python\Python313\Lib\site-packages\aiohttp\connector.py", line 1263, in _wrap_create_connection
    return await self._loop.create_connection(*args, **kwargs, sock=sock)
           ^^^^^^^^^^^^^^^^^^^^^^^^^^^^^^^^^^^^^^^^^^^^^^^^^^^^^^^^^^^^^^
  File "C:\Users\zal80\AppData\Local\Programs\Python\Python313\Lib\asyncio\base_events.py", line 1193, in create_connection
    transport, protocol = await self._create_connection_transport(
                          ^^^^^^^^^^^^^^^^^^^^^^^^^^^^^^^^^^^^^^^^
    ...<2 lines>...
        ssl_shutdown_timeout=ssl_shutdown_timeout)
        ^^^^^^^^^^^^^^^^^^^^^^^^^^^^^^^^^^^^^^^^^^
  File "C:\Users\zal80\AppData\Local\Programs\Python\Python313\Lib\asyncio\base_events.py", line 1226, in _create_connection_transport
    await waiter
  File "C:\Users\zal80\AppData\Local\Programs\Python\Python313\Lib\asyncio\sslproto.py", line 581, in _on_handshake_complete
    raise handshake_exc
  File "C:\Users\zal80\AppData\Local\Programs\Python\Python313\Lib\asyncio\sslproto.py", line 563, in _do_handshake
    self._sslobj.do_handshake()
    ~~~~~~~~~~~~~~~~~~~~~~~~~^^
  File "C:\Users\zal80\AppData\Local\Programs\Python\Python313\Lib\ssl.py", line 951, in do_handshake
    self._sslobj.do_handshake()
    ~~~~~~~~~~~~~~~~~~~~~~~~~^^
ssl.SSLError: [SSL: UNSAFE_LEGACY_RENEGOTIATION_DISABLED] unsafe legacy renegotiation disabled (_ssl.c:1028)

The above exception was the direct cause of the following exception:

Traceback (most recent call last):
  File "C:\Users\zal80\blackbird\src\modules\utils\http_client.py", line 53, in do_async_request
    response = await session.request(
               ^^^^^^^^^^^^^^^^^^^^^^
    ...<9 lines>...
    )
    ^
  File "C:\Users\zal80\AppData\Local\Programs\Python\Python313\Lib\site-packages\aiohttp\client.py", line 770, in _request
    resp = await handler(req)
           ^^^^^^^^^^^^^^^^^^
  File "C:\Users\zal80\AppData\Local\Programs\Python\Python313\Lib\site-packages\aiohttp\client.py", line 725, in _connect_and_send_request
    conn = await self._connector.connect(
           ^^^^^^^^^^^^^^^^^^^^^^^^^^^^^^
        req, traces=traces, timeout=real_timeout
        ^^^^^^^^^^^^^^^^^^^^^^^^^^^^^^^^^^^^^^^^
    )
    ^
  File "C:\Users\zal80\AppData\Local\Programs\Python\Python313\Lib\site-packages\aiohttp\connector.py", line 622, in connect
    proto = await self._create_connection(req, traces, timeout)
            ^^^^^^^^^^^^^^^^^^^^^^^^^^^^^^^^^^^^^^^^^^^^^^^^^^^
  File "C:\Users\zal80\AppData\Local\Programs\Python\Python313\Lib\site-packages\aiohttp\connector.py", line 1189, in _create_connection
    _, proto = await self._create_direct_connection(req, traces, timeout)
               ^^^^^^^^^^^^^^^^^^^^^^^^^^^^^^^^^^^^^^^^^^^^^^^^^^^^^^^^^^
  File "C:\Users\zal80\AppData\Local\Programs\Python\Python313\Lib\site-packages\aiohttp\connector.py", line 1561, in _create_direct_connection
    raise last_exc
  File "C:\Users\zal80\AppData\Local\Programs\Python\Python313\Lib\site-packages\aiohttp\connector.py", line 1530, in _create_direct_connection
    transp, proto = await self._wrap_create_connection(
                    ^^^^^^^^^^^^^^^^^^^^^^^^^^^^^^^^^^^
    ...<7 lines>...
    )
    ^
  File "C:\Users\zal80\AppData\Local\Programs\Python\Python313\Lib\site-packages\aiohttp\connector.py", line 1267, in _wrap_create_connection
    raise ClientConnectorSSLError(req.connection_key, exc) from exc
aiohttp.client_exceptions.ClientConnectorSSLError: Cannot connect to host friendfinder.com:443 ssl:False [[SSL: UNSAFE_LEGACY_RENEGOTIATION_DISABLED] unsafe legacy renegotiation disabled (_ssl.c:1028)]

2025-09-01 02:43:55,688 - root - ERROR - Error in Async HTTP Request [GET] https://cracked.io/zal800 | Cannot connect to host cracked.io:443 ssl:False [getaddrinfo failed]
2025-09-01 02:43:55,688 - root - ERROR - Traceback (most recent call last):
  File "C:\Users\zal80\AppData\Local\Programs\Python\Python313\Lib\site-packages\aiohttp\connector.py", line 1512, in _create_direct_connection
    hosts = await self._resolve_host(host, port, traces=traces)
            ^^^^^^^^^^^^^^^^^^^^^^^^^^^^^^^^^^^^^^^^^^^^^^^^^^^
  File "C:\Users\zal80\AppData\Local\Programs\Python\Python313\Lib\site-packages\aiohttp\connector.py", line 1128, in _resolve_host
    return await asyncio.shield(resolved_host_task)
           ^^^^^^^^^^^^^^^^^^^^^^^^^^^^^^^^^^^^^^^^
  File "C:\Users\zal80\AppData\Local\Programs\Python\Python313\Lib\site-packages\aiohttp\connector.py", line 1159, in _resolve_host_with_throttle
    addrs = await self._resolver.resolve(host, port, family=self._family)
            ^^^^^^^^^^^^^^^^^^^^^^^^^^^^^^^^^^^^^^^^^^^^^^^^^^^^^^^^^^^^^
  File "C:\Users\zal80\AppData\Local\Programs\Python\Python313\Lib\site-packages\aiohttp\resolver.py", line 40, in resolve
    infos = await self._loop.getaddrinfo(
            ^^^^^^^^^^^^^^^^^^^^^^^^^^^^^
    ...<5 lines>...
    )
    ^
  File "C:\Users\zal80\AppData\Local\Programs\Python\Python313\Lib\asyncio\base_events.py", line 939, in getaddrinfo
    return await self.run_in_executor(
           ^^^^^^^^^^^^^^^^^^^^^^^^^^^
        None, getaddr_func, host, port, family, type, proto, flags)
        ^^^^^^^^^^^^^^^^^^^^^^^^^^^^^^^^^^^^^^^^^^^^^^^^^^^^^^^^^^^
  File "C:\Users\zal80\AppData\Local\Programs\Python\Python313\Lib\concurrent\futures\thread.py", line 59, in run
    result = self.fn(*self.args, **self.kwargs)
  File "C:\Users\zal80\AppData\Local\Programs\Python\Python313\Lib\socket.py", line 977, in getaddrinfo
    for res in _socket.getaddrinfo(host, port, family, type, proto, flags):
               ~~~~~~~~~~~~~~~~~~~^^^^^^^^^^^^^^^^^^^^^^^^^^^^^^^^^^^^^^^^
socket.gaierror: [Errno 11002] getaddrinfo failed

The above exception was the direct cause of the following exception:

Traceback (most recent call last):
  File "C:\Users\zal80\blackbird\src\modules\utils\http_client.py", line 53, in do_async_request
    response = await session.request(
               ^^^^^^^^^^^^^^^^^^^^^^
    ...<9 lines>...
    )
    ^
  File "C:\Users\zal80\AppData\Local\Programs\Python\Python313\Lib\site-packages\aiohttp\client.py", line 770, in _request
    resp = await handler(req)
           ^^^^^^^^^^^^^^^^^^
  File "C:\Users\zal80\AppData\Local\Programs\Python\Python313\Lib\site-packages\aiohttp\client.py", line 725, in _connect_and_send_request
    conn = await self._connector.connect(
           ^^^^^^^^^^^^^^^^^^^^^^^^^^^^^^
        req, traces=traces, timeout=real_timeout
        ^^^^^^^^^^^^^^^^^^^^^^^^^^^^^^^^^^^^^^^^
    )
    ^
  File "C:\Users\zal80\AppData\Local\Programs\Python\Python313\Lib\site-packages\aiohttp\connector.py", line 622, in connect
    proto = await self._create_connection(req, traces, timeout)
            ^^^^^^^^^^^^^^^^^^^^^^^^^^^^^^^^^^^^^^^^^^^^^^^^^^^
  File "C:\Users\zal80\AppData\Local\Programs\Python\Python313\Lib\site-packages\aiohttp\connector.py", line 1189, in _create_connection
    _, proto = await self._create_direct_connection(req, traces, timeout)
               ^^^^^^^^^^^^^^^^^^^^^^^^^^^^^^^^^^^^^^^^^^^^^^^^^^^^^^^^^^
  File "C:\Users\zal80\AppData\Local\Programs\Python\Python313\Lib\site-packages\aiohttp\connector.py", line 1518, in _create_direct_connection
    raise ClientConnectorDNSError(req.connection_key, exc) from exc
aiohttp.client_exceptions.ClientConnectorDNSError: Cannot connect to host cracked.io:443 ssl:False [getaddrinfo failed]

2025-09-01 02:43:56,681 - root - ERROR - Error in Async HTTP Request [GET] https://www.gtainside.com/user/zal800 | Cannot connect to host www.gtainside.com:443 ssl:False [getaddrinfo failed]
2025-09-01 02:43:56,682 - root - ERROR - Traceback (most recent call last):
  File "C:\Users\zal80\AppData\Local\Programs\Python\Python313\Lib\site-packages\aiohttp\connector.py", line 1512, in _create_direct_connection
    hosts = await self._resolve_host(host, port, traces=traces)
            ^^^^^^^^^^^^^^^^^^^^^^^^^^^^^^^^^^^^^^^^^^^^^^^^^^^
  File "C:\Users\zal80\AppData\Local\Programs\Python\Python313\Lib\site-packages\aiohttp\connector.py", line 1128, in _resolve_host
    return await asyncio.shield(resolved_host_task)
           ^^^^^^^^^^^^^^^^^^^^^^^^^^^^^^^^^^^^^^^^
  File "C:\Users\zal80\AppData\Local\Programs\Python\Python313\Lib\site-packages\aiohttp\connector.py", line 1159, in _resolve_host_with_throttle
    addrs = await self._resolver.resolve(host, port, family=self._family)
            ^^^^^^^^^^^^^^^^^^^^^^^^^^^^^^^^^^^^^^^^^^^^^^^^^^^^^^^^^^^^^
  File "C:\Users\zal80\AppData\Local\Programs\Python\Python313\Lib\site-packages\aiohttp\resolver.py", line 40, in resolve
    infos = await self._loop.getaddrinfo(
            ^^^^^^^^^^^^^^^^^^^^^^^^^^^^^
    ...<5 lines>...
    )
    ^
  File "C:\Users\zal80\AppData\Local\Programs\Python\Python313\Lib\asyncio\base_events.py", line 939, in getaddrinfo
    return await self.run_in_executor(
           ^^^^^^^^^^^^^^^^^^^^^^^^^^^
        None, getaddr_func, host, port, family, type, proto, flags)
        ^^^^^^^^^^^^^^^^^^^^^^^^^^^^^^^^^^^^^^^^^^^^^^^^^^^^^^^^^^^
  File "C:\Users\zal80\AppData\Local\Programs\Python\Python313\Lib\concurrent\futures\thread.py", line 59, in run
    result = self.fn(*self.args, **self.kwargs)
  File "C:\Users\zal80\AppData\Local\Programs\Python\Python313\Lib\socket.py", line 977, in getaddrinfo
    for res in _socket.getaddrinfo(host, port, family, type, proto, flags):
               ~~~~~~~~~~~~~~~~~~~^^^^^^^^^^^^^^^^^^^^^^^^^^^^^^^^^^^^^^^^
socket.gaierror: [Errno 11001] getaddrinfo failed

The above exception was the direct cause of the following exception:

Traceback (most recent call last):
  File "C:\Users\zal80\blackbird\src\modules\utils\http_client.py", line 53, in do_async_request
    response = await session.request(
               ^^^^^^^^^^^^^^^^^^^^^^
    ...<9 lines>...
    )
    ^
  File "C:\Users\zal80\AppData\Local\Programs\Python\Python313\Lib\site-packages\aiohttp\client.py", line 770, in _request
    resp = await handler(req)
           ^^^^^^^^^^^^^^^^^^
  File "C:\Users\zal80\AppData\Local\Programs\Python\Python313\Lib\site-packages\aiohttp\client.py", line 725, in _connect_and_send_request
    conn = await self._connector.connect(
           ^^^^^^^^^^^^^^^^^^^^^^^^^^^^^^
        req, traces=traces, timeout=real_timeout
        ^^^^^^^^^^^^^^^^^^^^^^^^^^^^^^^^^^^^^^^^
    )
    ^
  File "C:\Users\zal80\AppData\Local\Programs\Python\Python313\Lib\site-packages\aiohttp\connector.py", line 622, in connect
    proto = await self._create_connection(req, traces, timeout)
            ^^^^^^^^^^^^^^^^^^^^^^^^^^^^^^^^^^^^^^^^^^^^^^^^^^^
  File "C:\Users\zal80\AppData\Local\Programs\Python\Python313\Lib\site-packages\aiohttp\connector.py", line 1189, in _create_connection
    _, proto = await self._create_direct_connection(req, traces, timeout)
               ^^^^^^^^^^^^^^^^^^^^^^^^^^^^^^^^^^^^^^^^^^^^^^^^^^^^^^^^^^
  File "C:\Users\zal80\AppData\Local\Programs\Python\Python313\Lib\site-packages\aiohttp\connector.py", line 1518, in _create_direct_connection
    raise ClientConnectorDNSError(req.connection_key, exc) from exc
aiohttp.client_exceptions.ClientConnectorDNSError: Cannot connect to host www.gtainside.com:443 ssl:False [getaddrinfo failed]

2025-09-01 02:43:57,925 - chardet.charsetprober - DEBUG - SHIFT_JIS Japanese prober hit error at byte 377
2025-09-01 02:43:57,925 - chardet.charsetprober - DEBUG - EUC-JP Japanese prober hit error at byte 377
2025-09-01 02:43:57,925 - chardet.charsetprober - DEBUG - GB2312 Chinese prober hit error at byte 377
2025-09-01 02:43:57,925 - chardet.charsetprober - DEBUG - EUC-KR Korean prober hit error at byte 377
2025-09-01 02:43:57,925 - chardet.charsetprober - DEBUG - CP949 Korean prober hit error at byte 377
2025-09-01 02:43:57,926 - chardet.charsetprober - DEBUG - Big5 Chinese prober hit error at byte 377
2025-09-01 02:43:57,926 - chardet.charsetprober - DEBUG - EUC-TW Taiwan prober hit error at byte 377
2025-09-01 02:43:57,926 - chardet.charsetprober - DEBUG - Johab Korean prober hit error at byte 377
2025-09-01 02:43:57,936 - chardet.charsetprober - DEBUG - windows-1251 Russian confidence = 0.012877541096307624
2025-09-01 02:43:57,936 - chardet.charsetprober - DEBUG - KOI8-R Russian confidence = 0.012877541096307624
2025-09-01 02:43:57,936 - chardet.charsetprober - DEBUG - ISO-8859-5 Russian confidence = 0.0
2025-09-01 02:43:57,936 - chardet.charsetprober - DEBUG - MacCyrillic Russian confidence = 0.02216032038138003
2025-09-01 02:43:57,936 - chardet.charsetprober - DEBUG - IBM866 Russian confidence = 0.0
2025-09-01 02:43:57,936 - chardet.charsetprober - DEBUG - IBM855 Russian confidence = 0.0
2025-09-01 02:43:57,936 - chardet.charsetprober - DEBUG - ISO-8859-7 Greek confidence = 0.020896821123915565
2025-09-01 02:43:57,936 - chardet.charsetprober - DEBUG - windows-1253 Greek confidence = 0.025257914327950205
2025-09-01 02:43:57,936 - chardet.charsetprober - DEBUG - ISO-8859-5 Bulgarian confidence = 0.0062686292664202795
2025-09-01 02:43:57,936 - chardet.charsetprober - DEBUG - windows-1251 Bulgarian confidence = 0.0
2025-09-01 02:43:57,936 - chardet.charsetprober - DEBUG - TIS-620 Thai confidence = 0.01
2025-09-01 02:43:57,936 - chardet.charsetprober - DEBUG - ISO-8859-9 Turkish confidence = 0.40002165578332294
2025-09-01 02:43:57,936 - chardet.charsetprober - DEBUG - ISO-8859-8 Hebrew confidence = 0.0
2025-09-01 02:43:57,936 - chardet.charsetprober - DEBUG - ISO-8859-8 Hebrew confidence = 0.05016178562460793
2025-09-01 02:43:57,936 - chardet.charsetprober - DEBUG - ISO-8859-8 Hebrew confidence = 0.046094613817207294
2025-09-01 02:43:58,510 - root - ERROR - Error in Async HTTP Request [GET] https://teddysgirls.net/models/zal800 | Cannot connect to host teddysgirls.net:443 ssl:False [getaddrinfo failed]
2025-09-01 02:43:58,511 - root - ERROR - Traceback (most recent call last):
  File "C:\Users\zal80\AppData\Local\Programs\Python\Python313\Lib\site-packages\aiohttp\connector.py", line 1512, in _create_direct_connection
    hosts = await self._resolve_host(host, port, traces=traces)
            ^^^^^^^^^^^^^^^^^^^^^^^^^^^^^^^^^^^^^^^^^^^^^^^^^^^
  File "C:\Users\zal80\AppData\Local\Programs\Python\Python313\Lib\site-packages\aiohttp\connector.py", line 1128, in _resolve_host
    return await asyncio.shield(resolved_host_task)
           ^^^^^^^^^^^^^^^^^^^^^^^^^^^^^^^^^^^^^^^^
  File "C:\Users\zal80\AppData\Local\Programs\Python\Python313\Lib\site-packages\aiohttp\connector.py", line 1159, in _resolve_host_with_throttle
    addrs = await self._resolver.resolve(host, port, family=self._family)
            ^^^^^^^^^^^^^^^^^^^^^^^^^^^^^^^^^^^^^^^^^^^^^^^^^^^^^^^^^^^^^
  File "C:\Users\zal80\AppData\Local\Programs\Python\Python313\Lib\site-packages\aiohttp\resolver.py", line 40, in resolve
    infos = await self._loop.getaddrinfo(
            ^^^^^^^^^^^^^^^^^^^^^^^^^^^^^
    ...<5 lines>...
    )
    ^
  File "C:\Users\zal80\AppData\Local\Programs\Python\Python313\Lib\asyncio\base_events.py", line 939, in getaddrinfo
    return await self.run_in_executor(
           ^^^^^^^^^^^^^^^^^^^^^^^^^^^
        None, getaddr_func, host, port, family, type, proto, flags)
        ^^^^^^^^^^^^^^^^^^^^^^^^^^^^^^^^^^^^^^^^^^^^^^^^^^^^^^^^^^^
  File "C:\Users\zal80\AppData\Local\Programs\Python\Python313\Lib\concurrent\futures\thread.py", line 59, in run
    result = self.fn(*self.args, **self.kwargs)
  File "C:\Users\zal80\AppData\Local\Programs\Python\Python313\Lib\socket.py", line 977, in getaddrinfo
    for res in _socket.getaddrinfo(host, port, family, type, proto, flags):
               ~~~~~~~~~~~~~~~~~~~^^^^^^^^^^^^^^^^^^^^^^^^^^^^^^^^^^^^^^^^
socket.gaierror: [Errno 11002] getaddrinfo failed

The above exception was the direct cause of the following exception:

Traceback (most recent call last):
  File "C:\Users\zal80\blackbird\src\modules\utils\http_client.py", line 53, in do_async_request
    response = await session.request(
               ^^^^^^^^^^^^^^^^^^^^^^
    ...<9 lines>...
    )
    ^
  File "C:\Users\zal80\AppData\Local\Programs\Python\Python313\Lib\site-packages\aiohttp\client.py", line 770, in _request
    resp = await handler(req)
           ^^^^^^^^^^^^^^^^^^
  File "C:\Users\zal80\AppData\Local\Programs\Python\Python313\Lib\site-packages\aiohttp\client.py", line 725, in _connect_and_send_request
    conn = await self._connector.connect(
           ^^^^^^^^^^^^^^^^^^^^^^^^^^^^^^
        req, traces=traces, timeout=real_timeout
        ^^^^^^^^^^^^^^^^^^^^^^^^^^^^^^^^^^^^^^^^
    )
    ^
  File "C:\Users\zal80\AppData\Local\Programs\Python\Python313\Lib\site-packages\aiohttp\connector.py", line 622, in connect
    proto = await self._create_connection(req, traces, timeout)
            ^^^^^^^^^^^^^^^^^^^^^^^^^^^^^^^^^^^^^^^^^^^^^^^^^^^
  File "C:\Users\zal80\AppData\Local\Programs\Python\Python313\Lib\site-packages\aiohttp\connector.py", line 1189, in _create_connection
    _, proto = await self._create_direct_connection(req, traces, timeout)
               ^^^^^^^^^^^^^^^^^^^^^^^^^^^^^^^^^^^^^^^^^^^^^^^^^^^^^^^^^^
  File "C:\Users\zal80\AppData\Local\Programs\Python\Python313\Lib\site-packages\aiohttp\connector.py", line 1518, in _create_direct_connection
    raise ClientConnectorDNSError(req.connection_key, exc) from exc
aiohttp.client_exceptions.ClientConnectorDNSError: Cannot connect to host teddysgirls.net:443 ssl:False [getaddrinfo failed]

2025-09-01 02:43:59,136 - root - ERROR - Error in Async HTTP Request [GET] https://drum.io/zal800/ | Cannot connect to host drum.io:443 ssl:False [getaddrinfo failed]
2025-09-01 02:43:59,136 - root - ERROR - Traceback (most recent call last):
  File "C:\Users\zal80\AppData\Local\Programs\Python\Python313\Lib\site-packages\aiohttp\connector.py", line 1512, in _create_direct_connection
    hosts = await self._resolve_host(host, port, traces=traces)
            ^^^^^^^^^^^^^^^^^^^^^^^^^^^^^^^^^^^^^^^^^^^^^^^^^^^
  File "C:\Users\zal80\AppData\Local\Programs\Python\Python313\Lib\site-packages\aiohttp\connector.py", line 1128, in _resolve_host
    return await asyncio.shield(resolved_host_task)
           ^^^^^^^^^^^^^^^^^^^^^^^^^^^^^^^^^^^^^^^^
  File "C:\Users\zal80\AppData\Local\Programs\Python\Python313\Lib\site-packages\aiohttp\connector.py", line 1159, in _resolve_host_with_throttle
    addrs = await self._resolver.resolve(host, port, family=self._family)
            ^^^^^^^^^^^^^^^^^^^^^^^^^^^^^^^^^^^^^^^^^^^^^^^^^^^^^^^^^^^^^
  File "C:\Users\zal80\AppData\Local\Programs\Python\Python313\Lib\site-packages\aiohttp\resolver.py", line 40, in resolve
    infos = await self._loop.getaddrinfo(
            ^^^^^^^^^^^^^^^^^^^^^^^^^^^^^
    ...<5 lines>...
    )
    ^
  File "C:\Users\zal80\AppData\Local\Programs\Python\Python313\Lib\asyncio\base_events.py", line 939, in getaddrinfo
    return await self.run_in_executor(
           ^^^^^^^^^^^^^^^^^^^^^^^^^^^
        None, getaddr_func, host, port, family, type, proto, flags)
        ^^^^^^^^^^^^^^^^^^^^^^^^^^^^^^^^^^^^^^^^^^^^^^^^^^^^^^^^^^^
  File "C:\Users\zal80\AppData\Local\Programs\Python\Python313\Lib\concurrent\futures\thread.py", line 59, in run
    result = self.fn(*self.args, **self.kwargs)
  File "C:\Users\zal80\AppData\Local\Programs\Python\Python313\Lib\socket.py", line 977, in getaddrinfo
    for res in _socket.getaddrinfo(host, port, family, type, proto, flags):
               ~~~~~~~~~~~~~~~~~~~^^^^^^^^^^^^^^^^^^^^^^^^^^^^^^^^^^^^^^^^
socket.gaierror: [Errno 11001] getaddrinfo failed

The above exception was the direct cause of the following exception:

Traceback (most recent call last):
  File "C:\Users\zal80\blackbird\src\modules\utils\http_client.py", line 53, in do_async_request
    response = await session.request(
               ^^^^^^^^^^^^^^^^^^^^^^
    ...<9 lines>...
    )
    ^
  File "C:\Users\zal80\AppData\Local\Programs\Python\Python313\Lib\site-packages\aiohttp\client.py", line 770, in _request
    resp = await handler(req)
           ^^^^^^^^^^^^^^^^^^
  File "C:\Users\zal80\AppData\Local\Programs\Python\Python313\Lib\site-packages\aiohttp\client.py", line 725, in _connect_and_send_request
    conn = await self._connector.connect(
           ^^^^^^^^^^^^^^^^^^^^^^^^^^^^^^
        req, traces=traces, timeout=real_timeout
        ^^^^^^^^^^^^^^^^^^^^^^^^^^^^^^^^^^^^^^^^
    )
    ^
  File "C:\Users\zal80\AppData\Local\Programs\Python\Python313\Lib\site-packages\aiohttp\connector.py", line 622, in connect
    proto = await self._create_connection(req, traces, timeout)
            ^^^^^^^^^^^^^^^^^^^^^^^^^^^^^^^^^^^^^^^^^^^^^^^^^^^
  File "C:\Users\zal80\AppData\Local\Programs\Python\Python313\Lib\site-packages\aiohttp\connector.py", line 1189, in _create_connection
    _, proto = await self._create_direct_connection(req, traces, timeout)
               ^^^^^^^^^^^^^^^^^^^^^^^^^^^^^^^^^^^^^^^^^^^^^^^^^^^^^^^^^^
  File "C:\Users\zal80\AppData\Local\Programs\Python\Python313\Lib\site-packages\aiohttp\connector.py", line 1518, in _create_direct_connection
    raise ClientConnectorDNSError(req.connection_key, exc) from exc
aiohttp.client_exceptions.ClientConnectorDNSError: Cannot connect to host drum.io:443 ssl:False [getaddrinfo failed]

2025-09-01 02:43:59,478 - root - ERROR - Error in Async HTTP Request [GET] https://tamtam.chat/zal800 | itms-appss://apps.apple.com/ru/app/ok-soobsenia/id1095345669
2025-09-01 02:43:59,478 - root - ERROR - Traceback (most recent call last):
  File "C:\Users\zal80\blackbird\src\modules\utils\http_client.py", line 53, in do_async_request
    response = await session.request(
               ^^^^^^^^^^^^^^^^^^^^^^
    ...<9 lines>...
    )
    ^
  File "C:\Users\zal80\AppData\Local\Programs\Python\Python313\Lib\site-packages\aiohttp\client.py", line 854, in _request
    raise NonHttpUrlRedirectClientError(r_url)
aiohttp.client_exceptions.NonHttpUrlRedirectClientError: itms-appss://apps.apple.com/ru/app/ok-soobsenia/id1095345669

2025-09-01 02:43:59,865 - root - ERROR - Error in Async HTTP Request [GET] https://pokec.azet.sk/zal800 | Cannot connect to host pokec.azet.sk:443 ssl:False [The remote computer refused the network connection]
2025-09-01 02:43:59,865 - root - ERROR - Traceback (most recent call last):
  File "C:\Users\zal80\AppData\Local\Programs\Python\Python313\Lib\site-packages\aiohttp\connector.py", line 1248, in _wrap_create_connection
    sock = await aiohappyeyeballs.start_connection(
           ^^^^^^^^^^^^^^^^^^^^^^^^^^^^^^^^^^^^^^^^
    ...<6 lines>...
    )
    ^
  File "C:\Users\zal80\AppData\Local\Programs\Python\Python313\Lib\site-packages\aiohappyeyeballs\impl.py", line 122, in start_connection
    raise first_exception
  File "C:\Users\zal80\AppData\Local\Programs\Python\Python313\Lib\site-packages\aiohappyeyeballs\impl.py", line 73, in start_connection
    sock = await _connect_sock(
           ^^^^^^^^^^^^^^^^^^^^
    ...<6 lines>...
    )
    ^
  File "C:\Users\zal80\AppData\Local\Programs\Python\Python313\Lib\site-packages\aiohappyeyeballs\impl.py", line 208, in _connect_sock
    await loop.sock_connect(sock, address)
  File "C:\Users\zal80\AppData\Local\Programs\Python\Python313\Lib\asyncio\proactor_events.py", line 726, in sock_connect
    return await self._proactor.connect(sock, address)
           ^^^^^^^^^^^^^^^^^^^^^^^^^^^^^^^^^^^^^^^^^^^
  File "C:\Users\zal80\AppData\Local\Programs\Python\Python313\Lib\asyncio\windows_events.py", line 804, in _poll
    value = callback(transferred, key, ov)
  File "C:\Users\zal80\AppData\Local\Programs\Python\Python313\Lib\asyncio\windows_events.py", line 600, in finish_connect
    ov.getresult()
    ~~~~~~~~~~~~^^
ConnectionRefusedError: [WinError 1225] The remote computer refused the network connection

The above exception was the direct cause of the following exception:

Traceback (most recent call last):
  File "C:\Users\zal80\blackbird\src\modules\utils\http_client.py", line 53, in do_async_request
    response = await session.request(
               ^^^^^^^^^^^^^^^^^^^^^^
    ...<9 lines>...
    )
    ^
  File "C:\Users\zal80\AppData\Local\Programs\Python\Python313\Lib\site-packages\aiohttp\client.py", line 770, in _request
    resp = await handler(req)
           ^^^^^^^^^^^^^^^^^^
  File "C:\Users\zal80\AppData\Local\Programs\Python\Python313\Lib\site-packages\aiohttp\client.py", line 725, in _connect_and_send_request
    conn = await self._connector.connect(
           ^^^^^^^^^^^^^^^^^^^^^^^^^^^^^^
        req, traces=traces, timeout=real_timeout
        ^^^^^^^^^^^^^^^^^^^^^^^^^^^^^^^^^^^^^^^^
    )
    ^
  File "C:\Users\zal80\AppData\Local\Programs\Python\Python313\Lib\site-packages\aiohttp\connector.py", line 622, in connect
    proto = await self._create_connection(req, traces, timeout)
            ^^^^^^^^^^^^^^^^^^^^^^^^^^^^^^^^^^^^^^^^^^^^^^^^^^^
  File "C:\Users\zal80\AppData\Local\Programs\Python\Python313\Lib\site-packages\aiohttp\connector.py", line 1189, in _create_connection
    _, proto = await self._create_direct_connection(req, traces, timeout)
               ^^^^^^^^^^^^^^^^^^^^^^^^^^^^^^^^^^^^^^^^^^^^^^^^^^^^^^^^^^
  File "C:\Users\zal80\AppData\Local\Programs\Python\Python313\Lib\site-packages\aiohttp\connector.py", line 1561, in _create_direct_connection
    raise last_exc
  File "C:\Users\zal80\AppData\Local\Programs\Python\Python313\Lib\site-packages\aiohttp\connector.py", line 1530, in _create_direct_connection
    transp, proto = await self._wrap_create_connection(
                    ^^^^^^^^^^^^^^^^^^^^^^^^^^^^^^^^^^^
    ...<7 lines>...
    )
    ^
  File "C:\Users\zal80\AppData\Local\Programs\Python\Python313\Lib\site-packages\aiohttp\connector.py", line 1271, in _wrap_create_connection
    raise client_error(req.connection_key, exc) from exc
aiohttp.client_exceptions.ClientConnectorError: Cannot connect to host pokec.azet.sk:443 ssl:False [The remote computer refused the network connection]

2025-09-01 02:43:59,986 - root - ERROR - Error in Async HTTP Request [GET] https://rblx.trade/api/v1/user/get-by-username?username=zal800 | Cannot connect to host rblx.trade:443 ssl:False [getaddrinfo failed]
2025-09-01 02:43:59,986 - root - ERROR - Traceback (most recent call last):
  File "C:\Users\zal80\AppData\Local\Programs\Python\Python313\Lib\site-packages\aiohttp\connector.py", line 1512, in _create_direct_connection
    hosts = await self._resolve_host(host, port, traces=traces)
            ^^^^^^^^^^^^^^^^^^^^^^^^^^^^^^^^^^^^^^^^^^^^^^^^^^^
  File "C:\Users\zal80\AppData\Local\Programs\Python\Python313\Lib\site-packages\aiohttp\connector.py", line 1128, in _resolve_host
    return await asyncio.shield(resolved_host_task)
           ^^^^^^^^^^^^^^^^^^^^^^^^^^^^^^^^^^^^^^^^
  File "C:\Users\zal80\AppData\Local\Programs\Python\Python313\Lib\site-packages\aiohttp\connector.py", line 1159, in _resolve_host_with_throttle
    addrs = await self._resolver.resolve(host, port, family=self._family)
            ^^^^^^^^^^^^^^^^^^^^^^^^^^^^^^^^^^^^^^^^^^^^^^^^^^^^^^^^^^^^^
  File "C:\Users\zal80\AppData\Local\Programs\Python\Python313\Lib\site-packages\aiohttp\resolver.py", line 40, in resolve
    infos = await self._loop.getaddrinfo(
            ^^^^^^^^^^^^^^^^^^^^^^^^^^^^^
    ...<5 lines>...
    )
    ^
  File "C:\Users\zal80\AppData\Local\Programs\Python\Python313\Lib\asyncio\base_events.py", line 939, in getaddrinfo
    return await self.run_in_executor(
           ^^^^^^^^^^^^^^^^^^^^^^^^^^^
        None, getaddr_func, host, port, family, type, proto, flags)
        ^^^^^^^^^^^^^^^^^^^^^^^^^^^^^^^^^^^^^^^^^^^^^^^^^^^^^^^^^^^
  File "C:\Users\zal80\AppData\Local\Programs\Python\Python313\Lib\concurrent\futures\thread.py", line 59, in run
    result = self.fn(*self.args, **self.kwargs)
  File "C:\Users\zal80\AppData\Local\Programs\Python\Python313\Lib\socket.py", line 977, in getaddrinfo
    for res in _socket.getaddrinfo(host, port, family, type, proto, flags):
               ~~~~~~~~~~~~~~~~~~~^^^^^^^^^^^^^^^^^^^^^^^^^^^^^^^^^^^^^^^^
socket.gaierror: [Errno 11001] getaddrinfo failed

The above exception was the direct cause of the following exception:

Traceback (most recent call last):
  File "C:\Users\zal80\blackbird\src\modules\utils\http_client.py", line 53, in do_async_request
    response = await session.request(
               ^^^^^^^^^^^^^^^^^^^^^^
    ...<9 lines>...
    )
    ^
  File "C:\Users\zal80\AppData\Local\Programs\Python\Python313\Lib\site-packages\aiohttp\client.py", line 770, in _request
    resp = await handler(req)
           ^^^^^^^^^^^^^^^^^^
  File "C:\Users\zal80\AppData\Local\Programs\Python\Python313\Lib\site-packages\aiohttp\client.py", line 725, in _connect_and_send_request
    conn = await self._connector.connect(
           ^^^^^^^^^^^^^^^^^^^^^^^^^^^^^^
        req, traces=traces, timeout=real_timeout
        ^^^^^^^^^^^^^^^^^^^^^^^^^^^^^^^^^^^^^^^^
    )
    ^
  File "C:\Users\zal80\AppData\Local\Programs\Python\Python313\Lib\site-packages\aiohttp\connector.py", line 622, in connect
    proto = await self._create_connection(req, traces, timeout)
            ^^^^^^^^^^^^^^^^^^^^^^^^^^^^^^^^^^^^^^^^^^^^^^^^^^^
  File "C:\Users\zal80\AppData\Local\Programs\Python\Python313\Lib\site-packages\aiohttp\connector.py", line 1189, in _create_connection
    _, proto = await self._create_direct_connection(req, traces, timeout)
               ^^^^^^^^^^^^^^^^^^^^^^^^^^^^^^^^^^^^^^^^^^^^^^^^^^^^^^^^^^
  File "C:\Users\zal80\AppData\Local\Programs\Python\Python313\Lib\site-packages\aiohttp\connector.py", line 1518, in _create_direct_connection
    raise ClientConnectorDNSError(req.connection_key, exc) from exc
aiohttp.client_exceptions.ClientConnectorDNSError: Cannot connect to host rblx.trade:443 ssl:False [getaddrinfo failed]

2025-09-01 02:44:02,171 - root - ERROR - Error in Async HTTP Request [GET] https://rf-archive.com/users.php?s_tag=zal800 | Cannot connect to host rf-archive.com:443 ssl:False [The remote computer refused the network connection]
2025-09-01 02:44:02,171 - root - ERROR - Traceback (most recent call last):
  File "C:\Users\zal80\AppData\Local\Programs\Python\Python313\Lib\site-packages\aiohttp\connector.py", line 1248, in _wrap_create_connection
    sock = await aiohappyeyeballs.start_connection(
           ^^^^^^^^^^^^^^^^^^^^^^^^^^^^^^^^^^^^^^^^
    ...<6 lines>...
    )
    ^
  File "C:\Users\zal80\AppData\Local\Programs\Python\Python313\Lib\site-packages\aiohappyeyeballs\impl.py", line 122, in start_connection
    raise first_exception
  File "C:\Users\zal80\AppData\Local\Programs\Python\Python313\Lib\site-packages\aiohappyeyeballs\impl.py", line 73, in start_connection
    sock = await _connect_sock(
           ^^^^^^^^^^^^^^^^^^^^
    ...<6 lines>...
    )
    ^
  File "C:\Users\zal80\AppData\Local\Programs\Python\Python313\Lib\site-packages\aiohappyeyeballs\impl.py", line 208, in _connect_sock
    await loop.sock_connect(sock, address)
  File "C:\Users\zal80\AppData\Local\Programs\Python\Python313\Lib\asyncio\proactor_events.py", line 726, in sock_connect
    return await self._proactor.connect(sock, address)
           ^^^^^^^^^^^^^^^^^^^^^^^^^^^^^^^^^^^^^^^^^^^
  File "C:\Users\zal80\AppData\Local\Programs\Python\Python313\Lib\asyncio\windows_events.py", line 804, in _poll
    value = callback(transferred, key, ov)
  File "C:\Users\zal80\AppData\Local\Programs\Python\Python313\Lib\asyncio\windows_events.py", line 600, in finish_connect
    ov.getresult()
    ~~~~~~~~~~~~^^
ConnectionRefusedError: [WinError 1225] The remote computer refused the network connection

The above exception was the direct cause of the following exception:

Traceback (most recent call last):
  File "C:\Users\zal80\blackbird\src\modules\utils\http_client.py", line 53, in do_async_request
    response = await session.request(
               ^^^^^^^^^^^^^^^^^^^^^^
    ...<9 lines>...
    )
    ^
  File "C:\Users\zal80\AppData\Local\Programs\Python\Python313\Lib\site-packages\aiohttp\client.py", line 770, in _request
    resp = await handler(req)
           ^^^^^^^^^^^^^^^^^^
  File "C:\Users\zal80\AppData\Local\Programs\Python\Python313\Lib\site-packages\aiohttp\client.py", line 725, in _connect_and_send_request
    conn = await self._connector.connect(
           ^^^^^^^^^^^^^^^^^^^^^^^^^^^^^^
        req, traces=traces, timeout=real_timeout
        ^^^^^^^^^^^^^^^^^^^^^^^^^^^^^^^^^^^^^^^^
    )
    ^
  File "C:\Users\zal80\AppData\Local\Programs\Python\Python313\Lib\site-packages\aiohttp\connector.py", line 622, in connect
    proto = await self._create_connection(req, traces, timeout)
            ^^^^^^^^^^^^^^^^^^^^^^^^^^^^^^^^^^^^^^^^^^^^^^^^^^^
  File "C:\Users\zal80\AppData\Local\Programs\Python\Python313\Lib\site-packages\aiohttp\connector.py", line 1189, in _create_connection
    _, proto = await self._create_direct_connection(req, traces, timeout)
               ^^^^^^^^^^^^^^^^^^^^^^^^^^^^^^^^^^^^^^^^^^^^^^^^^^^^^^^^^^
  File "C:\Users\zal80\AppData\Local\Programs\Python\Python313\Lib\site-packages\aiohttp\connector.py", line 1561, in _create_direct_connection
    raise last_exc
  File "C:\Users\zal80\AppData\Local\Programs\Python\Python313\Lib\site-packages\aiohttp\connector.py", line 1530, in _create_direct_connection
    transp, proto = await self._wrap_create_connection(
                    ^^^^^^^^^^^^^^^^^^^^^^^^^^^^^^^^^^^
    ...<7 lines>...
    )
    ^
  File "C:\Users\zal80\AppData\Local\Programs\Python\Python313\Lib\site-packages\aiohttp\connector.py", line 1271, in _wrap_create_connection
    raise client_error(req.connection_key, exc) from exc
aiohttp.client_exceptions.ClientConnectorError: Cannot connect to host rf-archive.com:443 ssl:False [The remote computer refused the network connection]

2025-09-01 02:44:18,422 - root - ERROR - Error in Async HTTP Request [GET] http://www.pokerstrategy.net/user/zal800/profile/ | Cannot connect to host www.pokerstrategy.net:80 ssl:False [The semaphore timeout period has expired]
2025-09-01 02:44:18,422 - root - ERROR - Traceback (most recent call last):
  File "C:\Users\zal80\AppData\Local\Programs\Python\Python313\Lib\site-packages\aiohttp\connector.py", line 1248, in _wrap_create_connection
    sock = await aiohappyeyeballs.start_connection(
           ^^^^^^^^^^^^^^^^^^^^^^^^^^^^^^^^^^^^^^^^
    ...<6 lines>...
    )
    ^
  File "C:\Users\zal80\AppData\Local\Programs\Python\Python313\Lib\site-packages\aiohappyeyeballs\impl.py", line 122, in start_connection
    raise first_exception
  File "C:\Users\zal80\AppData\Local\Programs\Python\Python313\Lib\site-packages\aiohappyeyeballs\impl.py", line 73, in start_connection
    sock = await _connect_sock(
           ^^^^^^^^^^^^^^^^^^^^
    ...<6 lines>...
    )
    ^
  File "C:\Users\zal80\AppData\Local\Programs\Python\Python313\Lib\site-packages\aiohappyeyeballs\impl.py", line 208, in _connect_sock
    await loop.sock_connect(sock, address)
  File "C:\Users\zal80\AppData\Local\Programs\Python\Python313\Lib\asyncio\proactor_events.py", line 726, in sock_connect
    return await self._proactor.connect(sock, address)
           ^^^^^^^^^^^^^^^^^^^^^^^^^^^^^^^^^^^^^^^^^^^
  File "C:\Users\zal80\AppData\Local\Programs\Python\Python313\Lib\asyncio\windows_events.py", line 804, in _poll
    value = callback(transferred, key, ov)
  File "C:\Users\zal80\AppData\Local\Programs\Python\Python313\Lib\asyncio\windows_events.py", line 600, in finish_connect
    ov.getresult()
    ~~~~~~~~~~~~^^
OSError: [WinError 121] The semaphore timeout period has expired

The above exception was the direct cause of the following exception:

Traceback (most recent call last):
  File "C:\Users\zal80\blackbird\src\modules\utils\http_client.py", line 53, in do_async_request
    response = await session.request(
               ^^^^^^^^^^^^^^^^^^^^^^
    ...<9 lines>...
    )
    ^
  File "C:\Users\zal80\AppData\Local\Programs\Python\Python313\Lib\site-packages\aiohttp\client.py", line 770, in _request
    resp = await handler(req)
           ^^^^^^^^^^^^^^^^^^
  File "C:\Users\zal80\AppData\Local\Programs\Python\Python313\Lib\site-packages\aiohttp\client.py", line 725, in _connect_and_send_request
    conn = await self._connector.connect(
           ^^^^^^^^^^^^^^^^^^^^^^^^^^^^^^
        req, traces=traces, timeout=real_timeout
        ^^^^^^^^^^^^^^^^^^^^^^^^^^^^^^^^^^^^^^^^
    )
    ^
  File "C:\Users\zal80\AppData\Local\Programs\Python\Python313\Lib\site-packages\aiohttp\connector.py", line 622, in connect
    proto = await self._create_connection(req, traces, timeout)
            ^^^^^^^^^^^^^^^^^^^^^^^^^^^^^^^^^^^^^^^^^^^^^^^^^^^
  File "C:\Users\zal80\AppData\Local\Programs\Python\Python313\Lib\site-packages\aiohttp\connector.py", line 1189, in _create_connection
    _, proto = await self._create_direct_connection(req, traces, timeout)
               ^^^^^^^^^^^^^^^^^^^^^^^^^^^^^^^^^^^^^^^^^^^^^^^^^^^^^^^^^^
  File "C:\Users\zal80\AppData\Local\Programs\Python\Python313\Lib\site-packages\aiohttp\connector.py", line 1561, in _create_direct_connection
    raise last_exc
  File "C:\Users\zal80\AppData\Local\Programs\Python\Python313\Lib\site-packages\aiohttp\connector.py", line 1530, in _create_direct_connection
    transp, proto = await self._wrap_create_connection(
                    ^^^^^^^^^^^^^^^^^^^^^^^^^^^^^^^^^^^
    ...<7 lines>...
    )
    ^
  File "C:\Users\zal80\AppData\Local\Programs\Python\Python313\Lib\site-packages\aiohttp\connector.py", line 1271, in _wrap_create_connection
    raise client_error(req.connection_key, exc) from exc
aiohttp.client_exceptions.ClientConnectorError: Cannot connect to host www.pokerstrategy.net:80 ssl:False [The semaphore timeout period has expired]

2025-09-01 02:44:21,885 - root - ERROR - Error in Async HTTP Request [GET] https://imgsrc.ru/main/user.php?lang=ru&user=zal800 | Cannot connect to host imgsrc.ru:443 ssl:False [The semaphore timeout period has expired]
2025-09-01 02:44:21,886 - root - ERROR - Traceback (most recent call last):
  File "C:\Users\zal80\AppData\Local\Programs\Python\Python313\Lib\site-packages\aiohttp\connector.py", line 1248, in _wrap_create_connection
    sock = await aiohappyeyeballs.start_connection(
           ^^^^^^^^^^^^^^^^^^^^^^^^^^^^^^^^^^^^^^^^
    ...<6 lines>...
    )
    ^
  File "C:\Users\zal80\AppData\Local\Programs\Python\Python313\Lib\site-packages\aiohappyeyeballs\impl.py", line 122, in start_connection
    raise first_exception
  File "C:\Users\zal80\AppData\Local\Programs\Python\Python313\Lib\site-packages\aiohappyeyeballs\impl.py", line 73, in start_connection
    sock = await _connect_sock(
           ^^^^^^^^^^^^^^^^^^^^
    ...<6 lines>...
    )
    ^
  File "C:\Users\zal80\AppData\Local\Programs\Python\Python313\Lib\site-packages\aiohappyeyeballs\impl.py", line 208, in _connect_sock
    await loop.sock_connect(sock, address)
  File "C:\Users\zal80\AppData\Local\Programs\Python\Python313\Lib\asyncio\proactor_events.py", line 726, in sock_connect
    return await self._proactor.connect(sock, address)
           ^^^^^^^^^^^^^^^^^^^^^^^^^^^^^^^^^^^^^^^^^^^
  File "C:\Users\zal80\AppData\Local\Programs\Python\Python313\Lib\asyncio\windows_events.py", line 804, in _poll
    value = callback(transferred, key, ov)
  File "C:\Users\zal80\AppData\Local\Programs\Python\Python313\Lib\asyncio\windows_events.py", line 600, in finish_connect
    ov.getresult()
    ~~~~~~~~~~~~^^
OSError: [WinError 121] The semaphore timeout period has expired

The above exception was the direct cause of the following exception:

Traceback (most recent call last):
  File "C:\Users\zal80\blackbird\src\modules\utils\http_client.py", line 53, in do_async_request
    response = await session.request(
               ^^^^^^^^^^^^^^^^^^^^^^
    ...<9 lines>...
    )
    ^
  File "C:\Users\zal80\AppData\Local\Programs\Python\Python313\Lib\site-packages\aiohttp\client.py", line 770, in _request
    resp = await handler(req)
           ^^^^^^^^^^^^^^^^^^
  File "C:\Users\zal80\AppData\Local\Programs\Python\Python313\Lib\site-packages\aiohttp\client.py", line 725, in _connect_and_send_request
    conn = await self._connector.connect(
           ^^^^^^^^^^^^^^^^^^^^^^^^^^^^^^
        req, traces=traces, timeout=real_timeout
        ^^^^^^^^^^^^^^^^^^^^^^^^^^^^^^^^^^^^^^^^
    )
    ^
  File "C:\Users\zal80\AppData\Local\Programs\Python\Python313\Lib\site-packages\aiohttp\connector.py", line 622, in connect
    proto = await self._create_connection(req, traces, timeout)
            ^^^^^^^^^^^^^^^^^^^^^^^^^^^^^^^^^^^^^^^^^^^^^^^^^^^
  File "C:\Users\zal80\AppData\Local\Programs\Python\Python313\Lib\site-packages\aiohttp\connector.py", line 1189, in _create_connection
    _, proto = await self._create_direct_connection(req, traces, timeout)
               ^^^^^^^^^^^^^^^^^^^^^^^^^^^^^^^^^^^^^^^^^^^^^^^^^^^^^^^^^^
  File "C:\Users\zal80\AppData\Local\Programs\Python\Python313\Lib\site-packages\aiohttp\connector.py", line 1561, in _create_direct_connection
    raise last_exc
  File "C:\Users\zal80\AppData\Local\Programs\Python\Python313\Lib\site-packages\aiohttp\connector.py", line 1530, in _create_direct_connection
    transp, proto = await self._wrap_create_connection(
                    ^^^^^^^^^^^^^^^^^^^^^^^^^^^^^^^^^^^
    ...<7 lines>...
    )
    ^
  File "C:\Users\zal80\AppData\Local\Programs\Python\Python313\Lib\site-packages\aiohttp\connector.py", line 1271, in _wrap_create_connection
    raise client_error(req.connection_key, exc) from exc
aiohttp.client_exceptions.ClientConnectorError: Cannot connect to host imgsrc.ru:443 ssl:False [The semaphore timeout period has expired]

2025-09-01 02:44:25,683 - root - ERROR - Error in Async HTTP Request [GET] https://www.gigapan.com/profiles/zal800 | TimeoutError()
2025-09-01 02:44:25,683 - root - ERROR - Traceback (most recent call last):
  File "C:\Users\zal80\AppData\Local\Programs\Python\Python313\Lib\site-packages\aiohttp\client_reqrep.py", line 532, in start
    message, payload = await protocol.read()  # type: ignore[union-attr]
                       ^^^^^^^^^^^^^^^^^^^^^
  File "C:\Users\zal80\AppData\Local\Programs\Python\Python313\Lib\site-packages\aiohttp\streams.py", line 672, in read
    await self._waiter
asyncio.exceptions.CancelledError

The above exception was the direct cause of the following exception:

Traceback (most recent call last):
  File "C:\Users\zal80\blackbird\src\modules\utils\http_client.py", line 53, in do_async_request
    response = await session.request(
               ^^^^^^^^^^^^^^^^^^^^^^
    ...<9 lines>...
    )
    ^
  File "C:\Users\zal80\AppData\Local\Programs\Python\Python313\Lib\site-packages\aiohttp\client.py", line 770, in _request
    resp = await handler(req)
           ^^^^^^^^^^^^^^^^^^
  File "C:\Users\zal80\AppData\Local\Programs\Python\Python313\Lib\site-packages\aiohttp\client.py", line 748, in _connect_and_send_request
    await resp.start(conn)
  File "C:\Users\zal80\AppData\Local\Programs\Python\Python313\Lib\site-packages\aiohttp\client_reqrep.py", line 527, in start
    with self._timer:
         ^^^^^^^^^^^
  File "C:\Users\zal80\AppData\Local\Programs\Python\Python313\Lib\site-packages\aiohttp\helpers.py", line 685, in __exit__
    raise asyncio.TimeoutError from exc_val
TimeoutError

2025-09-01 02:44:29,677 - root - ERROR - Error in Async HTTP Request [GET] http://www.tf2items.com/id/zal800/ | TimeoutError()
2025-09-01 02:44:29,677 - root - ERROR - Traceback (most recent call last):
  File "C:\Users\zal80\AppData\Local\Programs\Python\Python313\Lib\site-packages\aiohttp\client_reqrep.py", line 532, in start
    message, payload = await protocol.read()  # type: ignore[union-attr]
                       ^^^^^^^^^^^^^^^^^^^^^
  File "C:\Users\zal80\AppData\Local\Programs\Python\Python313\Lib\site-packages\aiohttp\streams.py", line 672, in read
    await self._waiter
asyncio.exceptions.CancelledError

The above exception was the direct cause of the following exception:

Traceback (most recent call last):
  File "C:\Users\zal80\blackbird\src\modules\utils\http_client.py", line 53, in do_async_request
    response = await session.request(
               ^^^^^^^^^^^^^^^^^^^^^^
    ...<9 lines>...
    )
    ^
  File "C:\Users\zal80\AppData\Local\Programs\Python\Python313\Lib\site-packages\aiohttp\client.py", line 770, in _request
    resp = await handler(req)
           ^^^^^^^^^^^^^^^^^^
  File "C:\Users\zal80\AppData\Local\Programs\Python\Python313\Lib\site-packages\aiohttp\client.py", line 748, in _connect_and_send_request
    await resp.start(conn)
  File "C:\Users\zal80\AppData\Local\Programs\Python\Python313\Lib\site-packages\aiohttp\client_reqrep.py", line 527, in start
    with self._timer:
         ^^^^^^^^^^^
  File "C:\Users\zal80\AppData\Local\Programs\Python\Python313\Lib\site-packages\aiohttp\helpers.py", line 685, in __exit__
    raise asyncio.TimeoutError from exc_val
TimeoutError

2025-09-01 02:44:29,682 - urllib3.connectionpool - DEBUG - Starting new HTTPS connection (1): ai.blackbird.run:443
2025-09-01 02:44:34,245 - urllib3.connectionpool - DEBUG - https://ai.blackbird.run:443 "POST /analyze HTTP/1.1" 200 None
2025-09-01 02:46:10,498 - urllib3.connectionpool - DEBUG - Starting new HTTPS connection (1): raw.githubusercontent.com:443
2025-09-01 02:46:10,546 - urllib3.connectionpool - DEBUG - https://raw.githubusercontent.com:443 "GET /WebBreacher/WhatsMyName/main/wmn-data.json HTTP/1.1" 200 45832
2025-09-01 02:46:10,561 - asyncio - DEBUG - Using proactor: IocpProactor
2025-09-01 02:46:10,591 - root - ERROR - Error in Async HTTP Request [GET] https://sexworker.com/api/profile/zal800 | Cannot connect to host sexworker.com:443 ssl:False [getaddrinfo failed]
2025-09-01 02:46:10,591 - root - ERROR - Traceback (most recent call last):
  File "C:\Users\zal80\AppData\Local\Programs\Python\Python313\Lib\site-packages\aiohttp\connector.py", line 1512, in _create_direct_connection
    hosts = await self._resolve_host(host, port, traces=traces)
            ^^^^^^^^^^^^^^^^^^^^^^^^^^^^^^^^^^^^^^^^^^^^^^^^^^^
  File "C:\Users\zal80\AppData\Local\Programs\Python\Python313\Lib\site-packages\aiohttp\connector.py", line 1128, in _resolve_host
    return await asyncio.shield(resolved_host_task)
           ^^^^^^^^^^^^^^^^^^^^^^^^^^^^^^^^^^^^^^^^
  File "C:\Users\zal80\AppData\Local\Programs\Python\Python313\Lib\site-packages\aiohttp\connector.py", line 1159, in _resolve_host_with_throttle
    addrs = await self._resolver.resolve(host, port, family=self._family)
            ^^^^^^^^^^^^^^^^^^^^^^^^^^^^^^^^^^^^^^^^^^^^^^^^^^^^^^^^^^^^^
  File "C:\Users\zal80\AppData\Local\Programs\Python\Python313\Lib\site-packages\aiohttp\resolver.py", line 40, in resolve
    infos = await self._loop.getaddrinfo(
            ^^^^^^^^^^^^^^^^^^^^^^^^^^^^^
    ...<5 lines>...
    )
    ^
  File "C:\Users\zal80\AppData\Local\Programs\Python\Python313\Lib\asyncio\base_events.py", line 939, in getaddrinfo
    return await self.run_in_executor(
           ^^^^^^^^^^^^^^^^^^^^^^^^^^^
        None, getaddr_func, host, port, family, type, proto, flags)
        ^^^^^^^^^^^^^^^^^^^^^^^^^^^^^^^^^^^^^^^^^^^^^^^^^^^^^^^^^^^
  File "C:\Users\zal80\AppData\Local\Programs\Python\Python313\Lib\concurrent\futures\thread.py", line 59, in run
    result = self.fn(*self.args, **self.kwargs)
  File "C:\Users\zal80\AppData\Local\Programs\Python\Python313\Lib\socket.py", line 977, in getaddrinfo
    for res in _socket.getaddrinfo(host, port, family, type, proto, flags):
               ~~~~~~~~~~~~~~~~~~~^^^^^^^^^^^^^^^^^^^^^^^^^^^^^^^^^^^^^^^^
socket.gaierror: [Errno 11001] getaddrinfo failed

The above exception was the direct cause of the following exception:

Traceback (most recent call last):
  File "C:\Users\zal80\blackbird\src\modules\utils\http_client.py", line 53, in do_async_request
    response = await session.request(
               ^^^^^^^^^^^^^^^^^^^^^^
    ...<9 lines>...
    )
    ^
  File "C:\Users\zal80\AppData\Local\Programs\Python\Python313\Lib\site-packages\aiohttp\client.py", line 770, in _request
    resp = await handler(req)
           ^^^^^^^^^^^^^^^^^^
  File "C:\Users\zal80\AppData\Local\Programs\Python\Python313\Lib\site-packages\aiohttp\client.py", line 725, in _connect_and_send_request
    conn = await self._connector.connect(
           ^^^^^^^^^^^^^^^^^^^^^^^^^^^^^^
        req, traces=traces, timeout=real_timeout
        ^^^^^^^^^^^^^^^^^^^^^^^^^^^^^^^^^^^^^^^^
    )
    ^
  File "C:\Users\zal80\AppData\Local\Programs\Python\Python313\Lib\site-packages\aiohttp\connector.py", line 622, in connect
    proto = await self._create_connection(req, traces, timeout)
            ^^^^^^^^^^^^^^^^^^^^^^^^^^^^^^^^^^^^^^^^^^^^^^^^^^^
  File "C:\Users\zal80\AppData\Local\Programs\Python\Python313\Lib\site-packages\aiohttp\connector.py", line 1189, in _create_connection
    _, proto = await self._create_direct_connection(req, traces, timeout)
               ^^^^^^^^^^^^^^^^^^^^^^^^^^^^^^^^^^^^^^^^^^^^^^^^^^^^^^^^^^
  File "C:\Users\zal80\AppData\Local\Programs\Python\Python313\Lib\site-packages\aiohttp\connector.py", line 1518, in _create_direct_connection
    raise ClientConnectorDNSError(req.connection_key, exc) from exc
aiohttp.client_exceptions.ClientConnectorDNSError: Cannot connect to host sexworker.com:443 ssl:False [getaddrinfo failed]

2025-09-01 02:46:11,164 - root - ERROR - Error in Async HTTP Request [GET] https://friendfinder.com/profile/zal800 | Cannot connect to host friendfinder.com:443 ssl:False [[SSL: UNSAFE_LEGACY_RENEGOTIATION_DISABLED] unsafe legacy renegotiation disabled (_ssl.c:1028)]
2025-09-01 02:46:11,164 - root - ERROR - Traceback (most recent call last):
  File "C:\Users\zal80\AppData\Local\Programs\Python\Python313\Lib\site-packages\aiohttp\connector.py", line 1263, in _wrap_create_connection
    return await self._loop.create_connection(*args, **kwargs, sock=sock)
           ^^^^^^^^^^^^^^^^^^^^^^^^^^^^^^^^^^^^^^^^^^^^^^^^^^^^^^^^^^^^^^
  File "C:\Users\zal80\AppData\Local\Programs\Python\Python313\Lib\asyncio\base_events.py", line 1193, in create_connection
    transport, protocol = await self._create_connection_transport(
                          ^^^^^^^^^^^^^^^^^^^^^^^^^^^^^^^^^^^^^^^^
    ...<2 lines>...
        ssl_shutdown_timeout=ssl_shutdown_timeout)
        ^^^^^^^^^^^^^^^^^^^^^^^^^^^^^^^^^^^^^^^^^^
  File "C:\Users\zal80\AppData\Local\Programs\Python\Python313\Lib\asyncio\base_events.py", line 1226, in _create_connection_transport
    await waiter
  File "C:\Users\zal80\AppData\Local\Programs\Python\Python313\Lib\asyncio\sslproto.py", line 581, in _on_handshake_complete
    raise handshake_exc
  File "C:\Users\zal80\AppData\Local\Programs\Python\Python313\Lib\asyncio\sslproto.py", line 563, in _do_handshake
    self._sslobj.do_handshake()
    ~~~~~~~~~~~~~~~~~~~~~~~~~^^
  File "C:\Users\zal80\AppData\Local\Programs\Python\Python313\Lib\ssl.py", line 951, in do_handshake
    self._sslobj.do_handshake()
    ~~~~~~~~~~~~~~~~~~~~~~~~~^^
ssl.SSLError: [SSL: UNSAFE_LEGACY_RENEGOTIATION_DISABLED] unsafe legacy renegotiation disabled (_ssl.c:1028)

The above exception was the direct cause of the following exception:

Traceback (most recent call last):
  File "C:\Users\zal80\blackbird\src\modules\utils\http_client.py", line 53, in do_async_request
    response = await session.request(
               ^^^^^^^^^^^^^^^^^^^^^^
    ...<9 lines>...
    )
    ^
  File "C:\Users\zal80\AppData\Local\Programs\Python\Python313\Lib\site-packages\aiohttp\client.py", line 770, in _request
    resp = await handler(req)
           ^^^^^^^^^^^^^^^^^^
  File "C:\Users\zal80\AppData\Local\Programs\Python\Python313\Lib\site-packages\aiohttp\client.py", line 725, in _connect_and_send_request
    conn = await self._connector.connect(
           ^^^^^^^^^^^^^^^^^^^^^^^^^^^^^^
        req, traces=traces, timeout=real_timeout
        ^^^^^^^^^^^^^^^^^^^^^^^^^^^^^^^^^^^^^^^^
    )
    ^
  File "C:\Users\zal80\AppData\Local\Programs\Python\Python313\Lib\site-packages\aiohttp\connector.py", line 622, in connect
    proto = await self._create_connection(req, traces, timeout)
            ^^^^^^^^^^^^^^^^^^^^^^^^^^^^^^^^^^^^^^^^^^^^^^^^^^^
  File "C:\Users\zal80\AppData\Local\Programs\Python\Python313\Lib\site-packages\aiohttp\connector.py", line 1189, in _create_connection
    _, proto = await self._create_direct_connection(req, traces, timeout)
               ^^^^^^^^^^^^^^^^^^^^^^^^^^^^^^^^^^^^^^^^^^^^^^^^^^^^^^^^^^
  File "C:\Users\zal80\AppData\Local\Programs\Python\Python313\Lib\site-packages\aiohttp\connector.py", line 1561, in _create_direct_connection
    raise last_exc
  File "C:\Users\zal80\AppData\Local\Programs\Python\Python313\Lib\site-packages\aiohttp\connector.py", line 1530, in _create_direct_connection
    transp, proto = await self._wrap_create_connection(
                    ^^^^^^^^^^^^^^^^^^^^^^^^^^^^^^^^^^^
    ...<7 lines>...
    )
    ^
  File "C:\Users\zal80\AppData\Local\Programs\Python\Python313\Lib\site-packages\aiohttp\connector.py", line 1267, in _wrap_create_connection
    raise ClientConnectorSSLError(req.connection_key, exc) from exc
aiohttp.client_exceptions.ClientConnectorSSLError: Cannot connect to host friendfinder.com:443 ssl:False [[SSL: UNSAFE_LEGACY_RENEGOTIATION_DISABLED] unsafe legacy renegotiation disabled (_ssl.c:1028)]

2025-09-01 02:46:12,323 - root - ERROR - Error in Async HTTP Request [GET] https://cracked.io/zal800 | Cannot connect to host cracked.io:443 ssl:False [getaddrinfo failed]
2025-09-01 02:46:12,323 - root - ERROR - Traceback (most recent call last):
  File "C:\Users\zal80\AppData\Local\Programs\Python\Python313\Lib\site-packages\aiohttp\connector.py", line 1512, in _create_direct_connection
    hosts = await self._resolve_host(host, port, traces=traces)
            ^^^^^^^^^^^^^^^^^^^^^^^^^^^^^^^^^^^^^^^^^^^^^^^^^^^
  File "C:\Users\zal80\AppData\Local\Programs\Python\Python313\Lib\site-packages\aiohttp\connector.py", line 1128, in _resolve_host
    return await asyncio.shield(resolved_host_task)
           ^^^^^^^^^^^^^^^^^^^^^^^^^^^^^^^^^^^^^^^^
  File "C:\Users\zal80\AppData\Local\Programs\Python\Python313\Lib\site-packages\aiohttp\connector.py", line 1159, in _resolve_host_with_throttle
    addrs = await self._resolver.resolve(host, port, family=self._family)
            ^^^^^^^^^^^^^^^^^^^^^^^^^^^^^^^^^^^^^^^^^^^^^^^^^^^^^^^^^^^^^
  File "C:\Users\zal80\AppData\Local\Programs\Python\Python313\Lib\site-packages\aiohttp\resolver.py", line 40, in resolve
    infos = await self._loop.getaddrinfo(
            ^^^^^^^^^^^^^^^^^^^^^^^^^^^^^
    ...<5 lines>...
    )
    ^
  File "C:\Users\zal80\AppData\Local\Programs\Python\Python313\Lib\asyncio\base_events.py", line 939, in getaddrinfo
    return await self.run_in_executor(
           ^^^^^^^^^^^^^^^^^^^^^^^^^^^
        None, getaddr_func, host, port, family, type, proto, flags)
        ^^^^^^^^^^^^^^^^^^^^^^^^^^^^^^^^^^^^^^^^^^^^^^^^^^^^^^^^^^^
  File "C:\Users\zal80\AppData\Local\Programs\Python\Python313\Lib\concurrent\futures\thread.py", line 59, in run
    result = self.fn(*self.args, **self.kwargs)
  File "C:\Users\zal80\AppData\Local\Programs\Python\Python313\Lib\socket.py", line 977, in getaddrinfo
    for res in _socket.getaddrinfo(host, port, family, type, proto, flags):
               ~~~~~~~~~~~~~~~~~~~^^^^^^^^^^^^^^^^^^^^^^^^^^^^^^^^^^^^^^^^
socket.gaierror: [Errno 11002] getaddrinfo failed

The above exception was the direct cause of the following exception:

Traceback (most recent call last):
  File "C:\Users\zal80\blackbird\src\modules\utils\http_client.py", line 53, in do_async_request
    response = await session.request(
               ^^^^^^^^^^^^^^^^^^^^^^
    ...<9 lines>...
    )
    ^
  File "C:\Users\zal80\AppData\Local\Programs\Python\Python313\Lib\site-packages\aiohttp\client.py", line 770, in _request
    resp = await handler(req)
           ^^^^^^^^^^^^^^^^^^
  File "C:\Users\zal80\AppData\Local\Programs\Python\Python313\Lib\site-packages\aiohttp\client.py", line 725, in _connect_and_send_request
    conn = await self._connector.connect(
           ^^^^^^^^^^^^^^^^^^^^^^^^^^^^^^
        req, traces=traces, timeout=real_timeout
        ^^^^^^^^^^^^^^^^^^^^^^^^^^^^^^^^^^^^^^^^
    )
    ^
  File "C:\Users\zal80\AppData\Local\Programs\Python\Python313\Lib\site-packages\aiohttp\connector.py", line 622, in connect
    proto = await self._create_connection(req, traces, timeout)
            ^^^^^^^^^^^^^^^^^^^^^^^^^^^^^^^^^^^^^^^^^^^^^^^^^^^
  File "C:\Users\zal80\AppData\Local\Programs\Python\Python313\Lib\site-packages\aiohttp\connector.py", line 1189, in _create_connection
    _, proto = await self._create_direct_connection(req, traces, timeout)
               ^^^^^^^^^^^^^^^^^^^^^^^^^^^^^^^^^^^^^^^^^^^^^^^^^^^^^^^^^^
  File "C:\Users\zal80\AppData\Local\Programs\Python\Python313\Lib\site-packages\aiohttp\connector.py", line 1518, in _create_direct_connection
    raise ClientConnectorDNSError(req.connection_key, exc) from exc
aiohttp.client_exceptions.ClientConnectorDNSError: Cannot connect to host cracked.io:443 ssl:False [getaddrinfo failed]

2025-09-01 02:46:13,596 - root - ERROR - Error in Async HTTP Request [GET] https://www.gtainside.com/user/zal800 | Cannot connect to host www.gtainside.com:443 ssl:False [getaddrinfo failed]
2025-09-01 02:46:13,596 - root - ERROR - Traceback (most recent call last):
  File "C:\Users\zal80\AppData\Local\Programs\Python\Python313\Lib\site-packages\aiohttp\connector.py", line 1512, in _create_direct_connection
    hosts = await self._resolve_host(host, port, traces=traces)
            ^^^^^^^^^^^^^^^^^^^^^^^^^^^^^^^^^^^^^^^^^^^^^^^^^^^
  File "C:\Users\zal80\AppData\Local\Programs\Python\Python313\Lib\site-packages\aiohttp\connector.py", line 1128, in _resolve_host
    return await asyncio.shield(resolved_host_task)
           ^^^^^^^^^^^^^^^^^^^^^^^^^^^^^^^^^^^^^^^^
  File "C:\Users\zal80\AppData\Local\Programs\Python\Python313\Lib\site-packages\aiohttp\connector.py", line 1159, in _resolve_host_with_throttle
    addrs = await self._resolver.resolve(host, port, family=self._family)
            ^^^^^^^^^^^^^^^^^^^^^^^^^^^^^^^^^^^^^^^^^^^^^^^^^^^^^^^^^^^^^
  File "C:\Users\zal80\AppData\Local\Programs\Python\Python313\Lib\site-packages\aiohttp\resolver.py", line 40, in resolve
    infos = await self._loop.getaddrinfo(
            ^^^^^^^^^^^^^^^^^^^^^^^^^^^^^
    ...<5 lines>...
    )
    ^
  File "C:\Users\zal80\AppData\Local\Programs\Python\Python313\Lib\asyncio\base_events.py", line 939, in getaddrinfo
    return await self.run_in_executor(
           ^^^^^^^^^^^^^^^^^^^^^^^^^^^
        None, getaddr_func, host, port, family, type, proto, flags)
        ^^^^^^^^^^^^^^^^^^^^^^^^^^^^^^^^^^^^^^^^^^^^^^^^^^^^^^^^^^^
  File "C:\Users\zal80\AppData\Local\Programs\Python\Python313\Lib\concurrent\futures\thread.py", line 59, in run
    result = self.fn(*self.args, **self.kwargs)
  File "C:\Users\zal80\AppData\Local\Programs\Python\Python313\Lib\socket.py", line 977, in getaddrinfo
    for res in _socket.getaddrinfo(host, port, family, type, proto, flags):
               ~~~~~~~~~~~~~~~~~~~^^^^^^^^^^^^^^^^^^^^^^^^^^^^^^^^^^^^^^^^
socket.gaierror: [Errno 11001] getaddrinfo failed

The above exception was the direct cause of the following exception:

Traceback (most recent call last):
  File "C:\Users\zal80\blackbird\src\modules\utils\http_client.py", line 53, in do_async_request
    response = await session.request(
               ^^^^^^^^^^^^^^^^^^^^^^
    ...<9 lines>...
    )
    ^
  File "C:\Users\zal80\AppData\Local\Programs\Python\Python313\Lib\site-packages\aiohttp\client.py", line 770, in _request
    resp = await handler(req)
           ^^^^^^^^^^^^^^^^^^
  File "C:\Users\zal80\AppData\Local\Programs\Python\Python313\Lib\site-packages\aiohttp\client.py", line 725, in _connect_and_send_request
    conn = await self._connector.connect(
           ^^^^^^^^^^^^^^^^^^^^^^^^^^^^^^
        req, traces=traces, timeout=real_timeout
        ^^^^^^^^^^^^^^^^^^^^^^^^^^^^^^^^^^^^^^^^
    )
    ^
  File "C:\Users\zal80\AppData\Local\Programs\Python\Python313\Lib\site-packages\aiohttp\connector.py", line 622, in connect
    proto = await self._create_connection(req, traces, timeout)
            ^^^^^^^^^^^^^^^^^^^^^^^^^^^^^^^^^^^^^^^^^^^^^^^^^^^
  File "C:\Users\zal80\AppData\Local\Programs\Python\Python313\Lib\site-packages\aiohttp\connector.py", line 1189, in _create_connection
    _, proto = await self._create_direct_connection(req, traces, timeout)
               ^^^^^^^^^^^^^^^^^^^^^^^^^^^^^^^^^^^^^^^^^^^^^^^^^^^^^^^^^^
  File "C:\Users\zal80\AppData\Local\Programs\Python\Python313\Lib\site-packages\aiohttp\connector.py", line 1518, in _create_direct_connection
    raise ClientConnectorDNSError(req.connection_key, exc) from exc
aiohttp.client_exceptions.ClientConnectorDNSError: Cannot connect to host www.gtainside.com:443 ssl:False [getaddrinfo failed]

2025-09-01 02:46:15,210 - chardet.charsetprober - DEBUG - SHIFT_JIS Japanese prober hit error at byte 377
2025-09-01 02:46:15,210 - chardet.charsetprober - DEBUG - EUC-JP Japanese prober hit error at byte 377
2025-09-01 02:46:15,210 - chardet.charsetprober - DEBUG - GB2312 Chinese prober hit error at byte 377
2025-09-01 02:46:15,210 - chardet.charsetprober - DEBUG - EUC-KR Korean prober hit error at byte 377
2025-09-01 02:46:15,210 - chardet.charsetprober - DEBUG - CP949 Korean prober hit error at byte 377
2025-09-01 02:46:15,210 - chardet.charsetprober - DEBUG - Big5 Chinese prober hit error at byte 377
2025-09-01 02:46:15,210 - chardet.charsetprober - DEBUG - EUC-TW Taiwan prober hit error at byte 377
2025-09-01 02:46:15,211 - chardet.charsetprober - DEBUG - Johab Korean prober hit error at byte 377
2025-09-01 02:46:15,220 - chardet.charsetprober - DEBUG - windows-1251 Russian confidence = 0.012877541096307624
2025-09-01 02:46:15,220 - chardet.charsetprober - DEBUG - KOI8-R Russian confidence = 0.012877541096307624
2025-09-01 02:46:15,220 - chardet.charsetprober - DEBUG - ISO-8859-5 Russian confidence = 0.0
2025-09-01 02:46:15,220 - chardet.charsetprober - DEBUG - MacCyrillic Russian confidence = 0.02216032038138003
2025-09-01 02:46:15,220 - chardet.charsetprober - DEBUG - IBM866 Russian confidence = 0.0
2025-09-01 02:46:15,220 - chardet.charsetprober - DEBUG - IBM855 Russian confidence = 0.0
2025-09-01 02:46:15,221 - chardet.charsetprober - DEBUG - ISO-8859-7 Greek confidence = 0.020896821123915565
2025-09-01 02:46:15,221 - chardet.charsetprober - DEBUG - windows-1253 Greek confidence = 0.025257914327950205
2025-09-01 02:46:15,221 - chardet.charsetprober - DEBUG - ISO-8859-5 Bulgarian confidence = 0.0062686292664202795
2025-09-01 02:46:15,221 - chardet.charsetprober - DEBUG - windows-1251 Bulgarian confidence = 0.0
2025-09-01 02:46:15,221 - chardet.charsetprober - DEBUG - TIS-620 Thai confidence = 0.01
2025-09-01 02:46:15,221 - chardet.charsetprober - DEBUG - ISO-8859-9 Turkish confidence = 0.40002165578332294
2025-09-01 02:46:15,221 - chardet.charsetprober - DEBUG - ISO-8859-8 Hebrew confidence = 0.0
2025-09-01 02:46:15,221 - chardet.charsetprober - DEBUG - ISO-8859-8 Hebrew confidence = 0.05016178562460793
2025-09-01 02:46:15,221 - chardet.charsetprober - DEBUG - ISO-8859-8 Hebrew confidence = 0.046094613817207294
2025-09-01 02:46:15,788 - root - ERROR - Error in Async HTTP Request [GET] https://teddysgirls.net/models/zal800 | Cannot connect to host teddysgirls.net:443 ssl:False [getaddrinfo failed]
2025-09-01 02:46:15,788 - root - ERROR - Traceback (most recent call last):
  File "C:\Users\zal80\AppData\Local\Programs\Python\Python313\Lib\site-packages\aiohttp\connector.py", line 1512, in _create_direct_connection
    hosts = await self._resolve_host(host, port, traces=traces)
            ^^^^^^^^^^^^^^^^^^^^^^^^^^^^^^^^^^^^^^^^^^^^^^^^^^^
  File "C:\Users\zal80\AppData\Local\Programs\Python\Python313\Lib\site-packages\aiohttp\connector.py", line 1128, in _resolve_host
    return await asyncio.shield(resolved_host_task)
           ^^^^^^^^^^^^^^^^^^^^^^^^^^^^^^^^^^^^^^^^
  File "C:\Users\zal80\AppData\Local\Programs\Python\Python313\Lib\site-packages\aiohttp\connector.py", line 1159, in _resolve_host_with_throttle
    addrs = await self._resolver.resolve(host, port, family=self._family)
            ^^^^^^^^^^^^^^^^^^^^^^^^^^^^^^^^^^^^^^^^^^^^^^^^^^^^^^^^^^^^^
  File "C:\Users\zal80\AppData\Local\Programs\Python\Python313\Lib\site-packages\aiohttp\resolver.py", line 40, in resolve
    infos = await self._loop.getaddrinfo(
            ^^^^^^^^^^^^^^^^^^^^^^^^^^^^^
    ...<5 lines>...
    )
    ^
  File "C:\Users\zal80\AppData\Local\Programs\Python\Python313\Lib\asyncio\base_events.py", line 939, in getaddrinfo
    return await self.run_in_executor(
           ^^^^^^^^^^^^^^^^^^^^^^^^^^^
        None, getaddr_func, host, port, family, type, proto, flags)
        ^^^^^^^^^^^^^^^^^^^^^^^^^^^^^^^^^^^^^^^^^^^^^^^^^^^^^^^^^^^
  File "C:\Users\zal80\AppData\Local\Programs\Python\Python313\Lib\concurrent\futures\thread.py", line 59, in run
    result = self.fn(*self.args, **self.kwargs)
  File "C:\Users\zal80\AppData\Local\Programs\Python\Python313\Lib\socket.py", line 977, in getaddrinfo
    for res in _socket.getaddrinfo(host, port, family, type, proto, flags):
               ~~~~~~~~~~~~~~~~~~~^^^^^^^^^^^^^^^^^^^^^^^^^^^^^^^^^^^^^^^^
socket.gaierror: [Errno 11002] getaddrinfo failed

The above exception was the direct cause of the following exception:

Traceback (most recent call last):
  File "C:\Users\zal80\blackbird\src\modules\utils\http_client.py", line 53, in do_async_request
    response = await session.request(
               ^^^^^^^^^^^^^^^^^^^^^^
    ...<9 lines>...
    )
    ^
  File "C:\Users\zal80\AppData\Local\Programs\Python\Python313\Lib\site-packages\aiohttp\client.py", line 770, in _request
    resp = await handler(req)
           ^^^^^^^^^^^^^^^^^^
  File "C:\Users\zal80\AppData\Local\Programs\Python\Python313\Lib\site-packages\aiohttp\client.py", line 725, in _connect_and_send_request
    conn = await self._connector.connect(
           ^^^^^^^^^^^^^^^^^^^^^^^^^^^^^^
        req, traces=traces, timeout=real_timeout
        ^^^^^^^^^^^^^^^^^^^^^^^^^^^^^^^^^^^^^^^^
    )
    ^
  File "C:\Users\zal80\AppData\Local\Programs\Python\Python313\Lib\site-packages\aiohttp\connector.py", line 622, in connect
    proto = await self._create_connection(req, traces, timeout)
            ^^^^^^^^^^^^^^^^^^^^^^^^^^^^^^^^^^^^^^^^^^^^^^^^^^^
  File "C:\Users\zal80\AppData\Local\Programs\Python\Python313\Lib\site-packages\aiohttp\connector.py", line 1189, in _create_connection
    _, proto = await self._create_direct_connection(req, traces, timeout)
               ^^^^^^^^^^^^^^^^^^^^^^^^^^^^^^^^^^^^^^^^^^^^^^^^^^^^^^^^^^
  File "C:\Users\zal80\AppData\Local\Programs\Python\Python313\Lib\site-packages\aiohttp\connector.py", line 1518, in _create_direct_connection
    raise ClientConnectorDNSError(req.connection_key, exc) from exc
aiohttp.client_exceptions.ClientConnectorDNSError: Cannot connect to host teddysgirls.net:443 ssl:False [getaddrinfo failed]

2025-09-01 02:46:15,826 - root - ERROR - Error in Async HTTP Request [GET] https://tamtam.chat/zal800 | itms-appss://apps.apple.com/ru/app/ok-soobsenia/id1095345669
2025-09-01 02:46:15,826 - root - ERROR - Traceback (most recent call last):
  File "C:\Users\zal80\blackbird\src\modules\utils\http_client.py", line 53, in do_async_request
    response = await session.request(
               ^^^^^^^^^^^^^^^^^^^^^^
    ...<9 lines>...
    )
    ^
  File "C:\Users\zal80\AppData\Local\Programs\Python\Python313\Lib\site-packages\aiohttp\client.py", line 854, in _request
    raise NonHttpUrlRedirectClientError(r_url)
aiohttp.client_exceptions.NonHttpUrlRedirectClientError: itms-appss://apps.apple.com/ru/app/ok-soobsenia/id1095345669

2025-09-01 02:46:16,458 - root - ERROR - Error in Async HTTP Request [GET] https://drum.io/zal800/ | Cannot connect to host drum.io:443 ssl:False [getaddrinfo failed]
2025-09-01 02:46:16,458 - root - ERROR - Traceback (most recent call last):
  File "C:\Users\zal80\AppData\Local\Programs\Python\Python313\Lib\site-packages\aiohttp\connector.py", line 1512, in _create_direct_connection
    hosts = await self._resolve_host(host, port, traces=traces)
            ^^^^^^^^^^^^^^^^^^^^^^^^^^^^^^^^^^^^^^^^^^^^^^^^^^^
  File "C:\Users\zal80\AppData\Local\Programs\Python\Python313\Lib\site-packages\aiohttp\connector.py", line 1128, in _resolve_host
    return await asyncio.shield(resolved_host_task)
           ^^^^^^^^^^^^^^^^^^^^^^^^^^^^^^^^^^^^^^^^
  File "C:\Users\zal80\AppData\Local\Programs\Python\Python313\Lib\site-packages\aiohttp\connector.py", line 1159, in _resolve_host_with_throttle
    addrs = await self._resolver.resolve(host, port, family=self._family)
            ^^^^^^^^^^^^^^^^^^^^^^^^^^^^^^^^^^^^^^^^^^^^^^^^^^^^^^^^^^^^^
  File "C:\Users\zal80\AppData\Local\Programs\Python\Python313\Lib\site-packages\aiohttp\resolver.py", line 40, in resolve
    infos = await self._loop.getaddrinfo(
            ^^^^^^^^^^^^^^^^^^^^^^^^^^^^^
    ...<5 lines>...
    )
    ^
  File "C:\Users\zal80\AppData\Local\Programs\Python\Python313\Lib\asyncio\base_events.py", line 939, in getaddrinfo
    return await self.run_in_executor(
           ^^^^^^^^^^^^^^^^^^^^^^^^^^^
        None, getaddr_func, host, port, family, type, proto, flags)
        ^^^^^^^^^^^^^^^^^^^^^^^^^^^^^^^^^^^^^^^^^^^^^^^^^^^^^^^^^^^
  File "C:\Users\zal80\AppData\Local\Programs\Python\Python313\Lib\concurrent\futures\thread.py", line 59, in run
    result = self.fn(*self.args, **self.kwargs)
  File "C:\Users\zal80\AppData\Local\Programs\Python\Python313\Lib\socket.py", line 977, in getaddrinfo
    for res in _socket.getaddrinfo(host, port, family, type, proto, flags):
               ~~~~~~~~~~~~~~~~~~~^^^^^^^^^^^^^^^^^^^^^^^^^^^^^^^^^^^^^^^^
socket.gaierror: [Errno 11001] getaddrinfo failed

The above exception was the direct cause of the following exception:

Traceback (most recent call last):
  File "C:\Users\zal80\blackbird\src\modules\utils\http_client.py", line 53, in do_async_request
    response = await session.request(
               ^^^^^^^^^^^^^^^^^^^^^^
    ...<9 lines>...
    )
    ^
  File "C:\Users\zal80\AppData\Local\Programs\Python\Python313\Lib\site-packages\aiohttp\client.py", line 770, in _request
    resp = await handler(req)
           ^^^^^^^^^^^^^^^^^^
  File "C:\Users\zal80\AppData\Local\Programs\Python\Python313\Lib\site-packages\aiohttp\client.py", line 725, in _connect_and_send_request
    conn = await self._connector.connect(
           ^^^^^^^^^^^^^^^^^^^^^^^^^^^^^^
        req, traces=traces, timeout=real_timeout
        ^^^^^^^^^^^^^^^^^^^^^^^^^^^^^^^^^^^^^^^^
    )
    ^
  File "C:\Users\zal80\AppData\Local\Programs\Python\Python313\Lib\site-packages\aiohttp\connector.py", line 622, in connect
    proto = await self._create_connection(req, traces, timeout)
            ^^^^^^^^^^^^^^^^^^^^^^^^^^^^^^^^^^^^^^^^^^^^^^^^^^^
  File "C:\Users\zal80\AppData\Local\Programs\Python\Python313\Lib\site-packages\aiohttp\connector.py", line 1189, in _create_connection
    _, proto = await self._create_direct_connection(req, traces, timeout)
               ^^^^^^^^^^^^^^^^^^^^^^^^^^^^^^^^^^^^^^^^^^^^^^^^^^^^^^^^^^
  File "C:\Users\zal80\AppData\Local\Programs\Python\Python313\Lib\site-packages\aiohttp\connector.py", line 1518, in _create_direct_connection
    raise ClientConnectorDNSError(req.connection_key, exc) from exc
aiohttp.client_exceptions.ClientConnectorDNSError: Cannot connect to host drum.io:443 ssl:False [getaddrinfo failed]

2025-09-01 02:46:16,969 - root - ERROR - Error in Async HTTP Request [GET] https://pokec.azet.sk/zal800 | Cannot connect to host pokec.azet.sk:443 ssl:False [The remote computer refused the network connection]
2025-09-01 02:46:16,969 - root - ERROR - Traceback (most recent call last):
  File "C:\Users\zal80\AppData\Local\Programs\Python\Python313\Lib\site-packages\aiohttp\connector.py", line 1248, in _wrap_create_connection
    sock = await aiohappyeyeballs.start_connection(
           ^^^^^^^^^^^^^^^^^^^^^^^^^^^^^^^^^^^^^^^^
    ...<6 lines>...
    )
    ^
  File "C:\Users\zal80\AppData\Local\Programs\Python\Python313\Lib\site-packages\aiohappyeyeballs\impl.py", line 122, in start_connection
    raise first_exception
  File "C:\Users\zal80\AppData\Local\Programs\Python\Python313\Lib\site-packages\aiohappyeyeballs\impl.py", line 73, in start_connection
    sock = await _connect_sock(
           ^^^^^^^^^^^^^^^^^^^^
    ...<6 lines>...
    )
    ^
  File "C:\Users\zal80\AppData\Local\Programs\Python\Python313\Lib\site-packages\aiohappyeyeballs\impl.py", line 208, in _connect_sock
    await loop.sock_connect(sock, address)
  File "C:\Users\zal80\AppData\Local\Programs\Python\Python313\Lib\asyncio\proactor_events.py", line 726, in sock_connect
    return await self._proactor.connect(sock, address)
           ^^^^^^^^^^^^^^^^^^^^^^^^^^^^^^^^^^^^^^^^^^^
  File "C:\Users\zal80\AppData\Local\Programs\Python\Python313\Lib\asyncio\windows_events.py", line 804, in _poll
    value = callback(transferred, key, ov)
  File "C:\Users\zal80\AppData\Local\Programs\Python\Python313\Lib\asyncio\windows_events.py", line 600, in finish_connect
    ov.getresult()
    ~~~~~~~~~~~~^^
ConnectionRefusedError: [WinError 1225] The remote computer refused the network connection

The above exception was the direct cause of the following exception:

Traceback (most recent call last):
  File "C:\Users\zal80\blackbird\src\modules\utils\http_client.py", line 53, in do_async_request
    response = await session.request(
               ^^^^^^^^^^^^^^^^^^^^^^
    ...<9 lines>...
    )
    ^
  File "C:\Users\zal80\AppData\Local\Programs\Python\Python313\Lib\site-packages\aiohttp\client.py", line 770, in _request
    resp = await handler(req)
           ^^^^^^^^^^^^^^^^^^
  File "C:\Users\zal80\AppData\Local\Programs\Python\Python313\Lib\site-packages\aiohttp\client.py", line 725, in _connect_and_send_request
    conn = await self._connector.connect(
           ^^^^^^^^^^^^^^^^^^^^^^^^^^^^^^
        req, traces=traces, timeout=real_timeout
        ^^^^^^^^^^^^^^^^^^^^^^^^^^^^^^^^^^^^^^^^
    )
    ^
  File "C:\Users\zal80\AppData\Local\Programs\Python\Python313\Lib\site-packages\aiohttp\connector.py", line 622, in connect
    proto = await self._create_connection(req, traces, timeout)
            ^^^^^^^^^^^^^^^^^^^^^^^^^^^^^^^^^^^^^^^^^^^^^^^^^^^
  File "C:\Users\zal80\AppData\Local\Programs\Python\Python313\Lib\site-packages\aiohttp\connector.py", line 1189, in _create_connection
    _, proto = await self._create_direct_connection(req, traces, timeout)
               ^^^^^^^^^^^^^^^^^^^^^^^^^^^^^^^^^^^^^^^^^^^^^^^^^^^^^^^^^^
  File "C:\Users\zal80\AppData\Local\Programs\Python\Python313\Lib\site-packages\aiohttp\connector.py", line 1561, in _create_direct_connection
    raise last_exc
  File "C:\Users\zal80\AppData\Local\Programs\Python\Python313\Lib\site-packages\aiohttp\connector.py", line 1530, in _create_direct_connection
    transp, proto = await self._wrap_create_connection(
                    ^^^^^^^^^^^^^^^^^^^^^^^^^^^^^^^^^^^
    ...<7 lines>...
    )
    ^
  File "C:\Users\zal80\AppData\Local\Programs\Python\Python313\Lib\site-packages\aiohttp\connector.py", line 1271, in _wrap_create_connection
    raise client_error(req.connection_key, exc) from exc
aiohttp.client_exceptions.ClientConnectorError: Cannot connect to host pokec.azet.sk:443 ssl:False [The remote computer refused the network connection]

2025-09-01 02:46:17,627 - root - ERROR - Error in Async HTTP Request [GET] https://rblx.trade/api/v1/user/get-by-username?username=zal800 | Cannot connect to host rblx.trade:443 ssl:False [getaddrinfo failed]
2025-09-01 02:46:17,627 - root - ERROR - Traceback (most recent call last):
  File "C:\Users\zal80\AppData\Local\Programs\Python\Python313\Lib\site-packages\aiohttp\connector.py", line 1512, in _create_direct_connection
    hosts = await self._resolve_host(host, port, traces=traces)
            ^^^^^^^^^^^^^^^^^^^^^^^^^^^^^^^^^^^^^^^^^^^^^^^^^^^
  File "C:\Users\zal80\AppData\Local\Programs\Python\Python313\Lib\site-packages\aiohttp\connector.py", line 1128, in _resolve_host
    return await asyncio.shield(resolved_host_task)
           ^^^^^^^^^^^^^^^^^^^^^^^^^^^^^^^^^^^^^^^^
  File "C:\Users\zal80\AppData\Local\Programs\Python\Python313\Lib\site-packages\aiohttp\connector.py", line 1159, in _resolve_host_with_throttle
    addrs = await self._resolver.resolve(host, port, family=self._family)
            ^^^^^^^^^^^^^^^^^^^^^^^^^^^^^^^^^^^^^^^^^^^^^^^^^^^^^^^^^^^^^
  File "C:\Users\zal80\AppData\Local\Programs\Python\Python313\Lib\site-packages\aiohttp\resolver.py", line 40, in resolve
    infos = await self._loop.getaddrinfo(
            ^^^^^^^^^^^^^^^^^^^^^^^^^^^^^
    ...<5 lines>...
    )
    ^
  File "C:\Users\zal80\AppData\Local\Programs\Python\Python313\Lib\asyncio\base_events.py", line 939, in getaddrinfo
    return await self.run_in_executor(
           ^^^^^^^^^^^^^^^^^^^^^^^^^^^
        None, getaddr_func, host, port, family, type, proto, flags)
        ^^^^^^^^^^^^^^^^^^^^^^^^^^^^^^^^^^^^^^^^^^^^^^^^^^^^^^^^^^^
  File "C:\Users\zal80\AppData\Local\Programs\Python\Python313\Lib\concurrent\futures\thread.py", line 59, in run
    result = self.fn(*self.args, **self.kwargs)
  File "C:\Users\zal80\AppData\Local\Programs\Python\Python313\Lib\socket.py", line 977, in getaddrinfo
    for res in _socket.getaddrinfo(host, port, family, type, proto, flags):
               ~~~~~~~~~~~~~~~~~~~^^^^^^^^^^^^^^^^^^^^^^^^^^^^^^^^^^^^^^^^
socket.gaierror: [Errno 11001] getaddrinfo failed

The above exception was the direct cause of the following exception:

Traceback (most recent call last):
  File "C:\Users\zal80\blackbird\src\modules\utils\http_client.py", line 53, in do_async_request
    response = await session.request(
               ^^^^^^^^^^^^^^^^^^^^^^
    ...<9 lines>...
    )
    ^
  File "C:\Users\zal80\AppData\Local\Programs\Python\Python313\Lib\site-packages\aiohttp\client.py", line 770, in _request
    resp = await handler(req)
           ^^^^^^^^^^^^^^^^^^
  File "C:\Users\zal80\AppData\Local\Programs\Python\Python313\Lib\site-packages\aiohttp\client.py", line 725, in _connect_and_send_request
    conn = await self._connector.connect(
           ^^^^^^^^^^^^^^^^^^^^^^^^^^^^^^
        req, traces=traces, timeout=real_timeout
        ^^^^^^^^^^^^^^^^^^^^^^^^^^^^^^^^^^^^^^^^
    )
    ^
  File "C:\Users\zal80\AppData\Local\Programs\Python\Python313\Lib\site-packages\aiohttp\connector.py", line 622, in connect
    proto = await self._create_connection(req, traces, timeout)
            ^^^^^^^^^^^^^^^^^^^^^^^^^^^^^^^^^^^^^^^^^^^^^^^^^^^
  File "C:\Users\zal80\AppData\Local\Programs\Python\Python313\Lib\site-packages\aiohttp\connector.py", line 1189, in _create_connection
    _, proto = await self._create_direct_connection(req, traces, timeout)
               ^^^^^^^^^^^^^^^^^^^^^^^^^^^^^^^^^^^^^^^^^^^^^^^^^^^^^^^^^^
  File "C:\Users\zal80\AppData\Local\Programs\Python\Python313\Lib\site-packages\aiohttp\connector.py", line 1518, in _create_direct_connection
    raise ClientConnectorDNSError(req.connection_key, exc) from exc
aiohttp.client_exceptions.ClientConnectorDNSError: Cannot connect to host rblx.trade:443 ssl:False [getaddrinfo failed]

2025-09-01 02:46:19,629 - root - ERROR - Error in Async HTTP Request [GET] https://rf-archive.com/users.php?s_tag=zal800 | Cannot connect to host rf-archive.com:443 ssl:False [The remote computer refused the network connection]
2025-09-01 02:46:19,629 - root - ERROR - Traceback (most recent call last):
  File "C:\Users\zal80\AppData\Local\Programs\Python\Python313\Lib\site-packages\aiohttp\connector.py", line 1248, in _wrap_create_connection
    sock = await aiohappyeyeballs.start_connection(
           ^^^^^^^^^^^^^^^^^^^^^^^^^^^^^^^^^^^^^^^^
    ...<6 lines>...
    )
    ^
  File "C:\Users\zal80\AppData\Local\Programs\Python\Python313\Lib\site-packages\aiohappyeyeballs\impl.py", line 122, in start_connection
    raise first_exception
  File "C:\Users\zal80\AppData\Local\Programs\Python\Python313\Lib\site-packages\aiohappyeyeballs\impl.py", line 73, in start_connection
    sock = await _connect_sock(
           ^^^^^^^^^^^^^^^^^^^^
    ...<6 lines>...
    )
    ^
  File "C:\Users\zal80\AppData\Local\Programs\Python\Python313\Lib\site-packages\aiohappyeyeballs\impl.py", line 208, in _connect_sock
    await loop.sock_connect(sock, address)
  File "C:\Users\zal80\AppData\Local\Programs\Python\Python313\Lib\asyncio\proactor_events.py", line 726, in sock_connect
    return await self._proactor.connect(sock, address)
           ^^^^^^^^^^^^^^^^^^^^^^^^^^^^^^^^^^^^^^^^^^^
  File "C:\Users\zal80\AppData\Local\Programs\Python\Python313\Lib\asyncio\windows_events.py", line 804, in _poll
    value = callback(transferred, key, ov)
  File "C:\Users\zal80\AppData\Local\Programs\Python\Python313\Lib\asyncio\windows_events.py", line 600, in finish_connect
    ov.getresult()
    ~~~~~~~~~~~~^^
ConnectionRefusedError: [WinError 1225] The remote computer refused the network connection

The above exception was the direct cause of the following exception:

Traceback (most recent call last):
  File "C:\Users\zal80\blackbird\src\modules\utils\http_client.py", line 53, in do_async_request
    response = await session.request(
               ^^^^^^^^^^^^^^^^^^^^^^
    ...<9 lines>...
    )
    ^
  File "C:\Users\zal80\AppData\Local\Programs\Python\Python313\Lib\site-packages\aiohttp\client.py", line 770, in _request
    resp = await handler(req)
           ^^^^^^^^^^^^^^^^^^
  File "C:\Users\zal80\AppData\Local\Programs\Python\Python313\Lib\site-packages\aiohttp\client.py", line 725, in _connect_and_send_request
    conn = await self._connector.connect(
           ^^^^^^^^^^^^^^^^^^^^^^^^^^^^^^
        req, traces=traces, timeout=real_timeout
        ^^^^^^^^^^^^^^^^^^^^^^^^^^^^^^^^^^^^^^^^
    )
    ^
  File "C:\Users\zal80\AppData\Local\Programs\Python\Python313\Lib\site-packages\aiohttp\connector.py", line 622, in connect
    proto = await self._create_connection(req, traces, timeout)
            ^^^^^^^^^^^^^^^^^^^^^^^^^^^^^^^^^^^^^^^^^^^^^^^^^^^
  File "C:\Users\zal80\AppData\Local\Programs\Python\Python313\Lib\site-packages\aiohttp\connector.py", line 1189, in _create_connection
    _, proto = await self._create_direct_connection(req, traces, timeout)
               ^^^^^^^^^^^^^^^^^^^^^^^^^^^^^^^^^^^^^^^^^^^^^^^^^^^^^^^^^^
  File "C:\Users\zal80\AppData\Local\Programs\Python\Python313\Lib\site-packages\aiohttp\connector.py", line 1561, in _create_direct_connection
    raise last_exc
  File "C:\Users\zal80\AppData\Local\Programs\Python\Python313\Lib\site-packages\aiohttp\connector.py", line 1530, in _create_direct_connection
    transp, proto = await self._wrap_create_connection(
                    ^^^^^^^^^^^^^^^^^^^^^^^^^^^^^^^^^^^
    ...<7 lines>...
    )
    ^
  File "C:\Users\zal80\AppData\Local\Programs\Python\Python313\Lib\site-packages\aiohttp\connector.py", line 1271, in _wrap_create_connection
    raise client_error(req.connection_key, exc) from exc
aiohttp.client_exceptions.ClientConnectorError: Cannot connect to host rf-archive.com:443 ssl:False [The remote computer refused the network connection]

2025-09-01 02:46:35,694 - root - ERROR - Error in Async HTTP Request [GET] http://www.pokerstrategy.net/user/zal800/profile/ | Cannot connect to host www.pokerstrategy.net:80 ssl:False [The semaphore timeout period has expired]
2025-09-01 02:46:35,695 - root - ERROR - Traceback (most recent call last):
  File "C:\Users\zal80\AppData\Local\Programs\Python\Python313\Lib\site-packages\aiohttp\connector.py", line 1248, in _wrap_create_connection
    sock = await aiohappyeyeballs.start_connection(
           ^^^^^^^^^^^^^^^^^^^^^^^^^^^^^^^^^^^^^^^^
    ...<6 lines>...
    )
    ^
  File "C:\Users\zal80\AppData\Local\Programs\Python\Python313\Lib\site-packages\aiohappyeyeballs\impl.py", line 122, in start_connection
    raise first_exception
  File "C:\Users\zal80\AppData\Local\Programs\Python\Python313\Lib\site-packages\aiohappyeyeballs\impl.py", line 73, in start_connection
    sock = await _connect_sock(
           ^^^^^^^^^^^^^^^^^^^^
    ...<6 lines>...
    )
    ^
  File "C:\Users\zal80\AppData\Local\Programs\Python\Python313\Lib\site-packages\aiohappyeyeballs\impl.py", line 208, in _connect_sock
    await loop.sock_connect(sock, address)
  File "C:\Users\zal80\AppData\Local\Programs\Python\Python313\Lib\asyncio\proactor_events.py", line 726, in sock_connect
    return await self._proactor.connect(sock, address)
           ^^^^^^^^^^^^^^^^^^^^^^^^^^^^^^^^^^^^^^^^^^^
  File "C:\Users\zal80\AppData\Local\Programs\Python\Python313\Lib\asyncio\windows_events.py", line 804, in _poll
    value = callback(transferred, key, ov)
  File "C:\Users\zal80\AppData\Local\Programs\Python\Python313\Lib\asyncio\windows_events.py", line 600, in finish_connect
    ov.getresult()
    ~~~~~~~~~~~~^^
OSError: [WinError 121] The semaphore timeout period has expired

The above exception was the direct cause of the following exception:

Traceback (most recent call last):
  File "C:\Users\zal80\blackbird\src\modules\utils\http_client.py", line 53, in do_async_request
    response = await session.request(
               ^^^^^^^^^^^^^^^^^^^^^^
    ...<9 lines>...
    )
    ^
  File "C:\Users\zal80\AppData\Local\Programs\Python\Python313\Lib\site-packages\aiohttp\client.py", line 770, in _request
    resp = await handler(req)
           ^^^^^^^^^^^^^^^^^^
  File "C:\Users\zal80\AppData\Local\Programs\Python\Python313\Lib\site-packages\aiohttp\client.py", line 725, in _connect_and_send_request
    conn = await self._connector.connect(
           ^^^^^^^^^^^^^^^^^^^^^^^^^^^^^^
        req, traces=traces, timeout=real_timeout
        ^^^^^^^^^^^^^^^^^^^^^^^^^^^^^^^^^^^^^^^^
    )
    ^
  File "C:\Users\zal80\AppData\Local\Programs\Python\Python313\Lib\site-packages\aiohttp\connector.py", line 622, in connect
    proto = await self._create_connection(req, traces, timeout)
            ^^^^^^^^^^^^^^^^^^^^^^^^^^^^^^^^^^^^^^^^^^^^^^^^^^^
  File "C:\Users\zal80\AppData\Local\Programs\Python\Python313\Lib\site-packages\aiohttp\connector.py", line 1189, in _create_connection
    _, proto = await self._create_direct_connection(req, traces, timeout)
               ^^^^^^^^^^^^^^^^^^^^^^^^^^^^^^^^^^^^^^^^^^^^^^^^^^^^^^^^^^
  File "C:\Users\zal80\AppData\Local\Programs\Python\Python313\Lib\site-packages\aiohttp\connector.py", line 1561, in _create_direct_connection
    raise last_exc
  File "C:\Users\zal80\AppData\Local\Programs\Python\Python313\Lib\site-packages\aiohttp\connector.py", line 1530, in _create_direct_connection
    transp, proto = await self._wrap_create_connection(
                    ^^^^^^^^^^^^^^^^^^^^^^^^^^^^^^^^^^^
    ...<7 lines>...
    )
    ^
  File "C:\Users\zal80\AppData\Local\Programs\Python\Python313\Lib\site-packages\aiohttp\connector.py", line 1271, in _wrap_create_connection
    raise client_error(req.connection_key, exc) from exc
aiohttp.client_exceptions.ClientConnectorError: Cannot connect to host www.pokerstrategy.net:80 ssl:False [The semaphore timeout period has expired]

2025-09-01 02:46:39,461 - root - ERROR - Error in Async HTTP Request [GET] https://imgsrc.ru/main/user.php?lang=ru&user=zal800 | Cannot connect to host imgsrc.ru:443 ssl:False [The semaphore timeout period has expired]
2025-09-01 02:46:39,461 - root - ERROR - Traceback (most recent call last):
  File "C:\Users\zal80\AppData\Local\Programs\Python\Python313\Lib\site-packages\aiohttp\connector.py", line 1248, in _wrap_create_connection
    sock = await aiohappyeyeballs.start_connection(
           ^^^^^^^^^^^^^^^^^^^^^^^^^^^^^^^^^^^^^^^^
    ...<6 lines>...
    )
    ^
  File "C:\Users\zal80\AppData\Local\Programs\Python\Python313\Lib\site-packages\aiohappyeyeballs\impl.py", line 122, in start_connection
    raise first_exception
  File "C:\Users\zal80\AppData\Local\Programs\Python\Python313\Lib\site-packages\aiohappyeyeballs\impl.py", line 73, in start_connection
    sock = await _connect_sock(
           ^^^^^^^^^^^^^^^^^^^^
    ...<6 lines>...
    )
    ^
  File "C:\Users\zal80\AppData\Local\Programs\Python\Python313\Lib\site-packages\aiohappyeyeballs\impl.py", line 208, in _connect_sock
    await loop.sock_connect(sock, address)
  File "C:\Users\zal80\AppData\Local\Programs\Python\Python313\Lib\asyncio\proactor_events.py", line 726, in sock_connect
    return await self._proactor.connect(sock, address)
           ^^^^^^^^^^^^^^^^^^^^^^^^^^^^^^^^^^^^^^^^^^^
  File "C:\Users\zal80\AppData\Local\Programs\Python\Python313\Lib\asyncio\windows_events.py", line 804, in _poll
    value = callback(transferred, key, ov)
  File "C:\Users\zal80\AppData\Local\Programs\Python\Python313\Lib\asyncio\windows_events.py", line 600, in finish_connect
    ov.getresult()
    ~~~~~~~~~~~~^^
OSError: [WinError 121] The semaphore timeout period has expired

The above exception was the direct cause of the following exception:

Traceback (most recent call last):
  File "C:\Users\zal80\blackbird\src\modules\utils\http_client.py", line 53, in do_async_request
    response = await session.request(
               ^^^^^^^^^^^^^^^^^^^^^^
    ...<9 lines>...
    )
    ^
  File "C:\Users\zal80\AppData\Local\Programs\Python\Python313\Lib\site-packages\aiohttp\client.py", line 770, in _request
    resp = await handler(req)
           ^^^^^^^^^^^^^^^^^^
  File "C:\Users\zal80\AppData\Local\Programs\Python\Python313\Lib\site-packages\aiohttp\client.py", line 725, in _connect_and_send_request
    conn = await self._connector.connect(
           ^^^^^^^^^^^^^^^^^^^^^^^^^^^^^^
        req, traces=traces, timeout=real_timeout
        ^^^^^^^^^^^^^^^^^^^^^^^^^^^^^^^^^^^^^^^^
    )
    ^
  File "C:\Users\zal80\AppData\Local\Programs\Python\Python313\Lib\site-packages\aiohttp\connector.py", line 622, in connect
    proto = await self._create_connection(req, traces, timeout)
            ^^^^^^^^^^^^^^^^^^^^^^^^^^^^^^^^^^^^^^^^^^^^^^^^^^^
  File "C:\Users\zal80\AppData\Local\Programs\Python\Python313\Lib\site-packages\aiohttp\connector.py", line 1189, in _create_connection
    _, proto = await self._create_direct_connection(req, traces, timeout)
               ^^^^^^^^^^^^^^^^^^^^^^^^^^^^^^^^^^^^^^^^^^^^^^^^^^^^^^^^^^
  File "C:\Users\zal80\AppData\Local\Programs\Python\Python313\Lib\site-packages\aiohttp\connector.py", line 1561, in _create_direct_connection
    raise last_exc
  File "C:\Users\zal80\AppData\Local\Programs\Python\Python313\Lib\site-packages\aiohttp\connector.py", line 1530, in _create_direct_connection
    transp, proto = await self._wrap_create_connection(
                    ^^^^^^^^^^^^^^^^^^^^^^^^^^^^^^^^^^^
    ...<7 lines>...
    )
    ^
  File "C:\Users\zal80\AppData\Local\Programs\Python\Python313\Lib\site-packages\aiohttp\connector.py", line 1271, in _wrap_create_connection
    raise client_error(req.connection_key, exc) from exc
aiohttp.client_exceptions.ClientConnectorError: Cannot connect to host imgsrc.ru:443 ssl:False [The semaphore timeout period has expired]

2025-09-01 02:46:42,664 - root - ERROR - Error in Async HTTP Request [GET] https://www.gigapan.com/profiles/zal800 | TimeoutError()
2025-09-01 02:46:42,664 - root - ERROR - Traceback (most recent call last):
  File "C:\Users\zal80\AppData\Local\Programs\Python\Python313\Lib\site-packages\aiohttp\client_reqrep.py", line 532, in start
    message, payload = await protocol.read()  # type: ignore[union-attr]
                       ^^^^^^^^^^^^^^^^^^^^^
  File "C:\Users\zal80\AppData\Local\Programs\Python\Python313\Lib\site-packages\aiohttp\streams.py", line 672, in read
    await self._waiter
asyncio.exceptions.CancelledError

The above exception was the direct cause of the following exception:

Traceback (most recent call last):
  File "C:\Users\zal80\blackbird\src\modules\utils\http_client.py", line 53, in do_async_request
    response = await session.request(
               ^^^^^^^^^^^^^^^^^^^^^^
    ...<9 lines>...
    )
    ^
  File "C:\Users\zal80\AppData\Local\Programs\Python\Python313\Lib\site-packages\aiohttp\client.py", line 770, in _request
    resp = await handler(req)
           ^^^^^^^^^^^^^^^^^^
  File "C:\Users\zal80\AppData\Local\Programs\Python\Python313\Lib\site-packages\aiohttp\client.py", line 748, in _connect_and_send_request
    await resp.start(conn)
  File "C:\Users\zal80\AppData\Local\Programs\Python\Python313\Lib\site-packages\aiohttp\client_reqrep.py", line 527, in start
    with self._timer:
         ^^^^^^^^^^^
  File "C:\Users\zal80\AppData\Local\Programs\Python\Python313\Lib\site-packages\aiohttp\helpers.py", line 685, in __exit__
    raise asyncio.TimeoutError from exc_val
TimeoutError

2025-09-01 02:47:16,681 - urllib3.connectionpool - DEBUG - Starting new HTTPS connection (1): raw.githubusercontent.com:443
2025-09-01 02:47:16,713 - urllib3.connectionpool - DEBUG - https://raw.githubusercontent.com:443 "GET /WebBreacher/WhatsMyName/main/wmn-data.json HTTP/1.1" 200 45832
2025-09-01 02:47:44,927 - urllib3.connectionpool - DEBUG - Starting new HTTPS connection (1): raw.githubusercontent.com:443
2025-09-01 02:47:44,966 - urllib3.connectionpool - DEBUG - https://raw.githubusercontent.com:443 "GET /WebBreacher/WhatsMyName/main/wmn-data.json HTTP/1.1" 200 45832
2025-09-01 02:47:44,979 - asyncio - DEBUG - Using proactor: IocpProactor
2025-09-01 02:47:45,742 - root - ERROR - Error in Async HTTP Request [GET] https://drum.io/zal800/ | Cannot connect to host drum.io:443 ssl:False [getaddrinfo failed]
2025-09-01 02:47:45,742 - root - ERROR - Traceback (most recent call last):
  File "C:\Users\zal80\AppData\Local\Programs\Python\Python313\Lib\site-packages\aiohttp\connector.py", line 1512, in _create_direct_connection
    hosts = await self._resolve_host(host, port, traces=traces)
            ^^^^^^^^^^^^^^^^^^^^^^^^^^^^^^^^^^^^^^^^^^^^^^^^^^^
  File "C:\Users\zal80\AppData\Local\Programs\Python\Python313\Lib\site-packages\aiohttp\connector.py", line 1128, in _resolve_host
    return await asyncio.shield(resolved_host_task)
           ^^^^^^^^^^^^^^^^^^^^^^^^^^^^^^^^^^^^^^^^
  File "C:\Users\zal80\AppData\Local\Programs\Python\Python313\Lib\site-packages\aiohttp\connector.py", line 1159, in _resolve_host_with_throttle
    addrs = await self._resolver.resolve(host, port, family=self._family)
            ^^^^^^^^^^^^^^^^^^^^^^^^^^^^^^^^^^^^^^^^^^^^^^^^^^^^^^^^^^^^^
  File "C:\Users\zal80\AppData\Local\Programs\Python\Python313\Lib\site-packages\aiohttp\resolver.py", line 40, in resolve
    infos = await self._loop.getaddrinfo(
            ^^^^^^^^^^^^^^^^^^^^^^^^^^^^^
    ...<5 lines>...
    )
    ^
  File "C:\Users\zal80\AppData\Local\Programs\Python\Python313\Lib\asyncio\base_events.py", line 939, in getaddrinfo
    return await self.run_in_executor(
           ^^^^^^^^^^^^^^^^^^^^^^^^^^^
        None, getaddr_func, host, port, family, type, proto, flags)
        ^^^^^^^^^^^^^^^^^^^^^^^^^^^^^^^^^^^^^^^^^^^^^^^^^^^^^^^^^^^
  File "C:\Users\zal80\AppData\Local\Programs\Python\Python313\Lib\concurrent\futures\thread.py", line 59, in run
    result = self.fn(*self.args, **self.kwargs)
  File "C:\Users\zal80\AppData\Local\Programs\Python\Python313\Lib\socket.py", line 977, in getaddrinfo
    for res in _socket.getaddrinfo(host, port, family, type, proto, flags):
               ~~~~~~~~~~~~~~~~~~~^^^^^^^^^^^^^^^^^^^^^^^^^^^^^^^^^^^^^^^^
socket.gaierror: [Errno 11001] getaddrinfo failed

The above exception was the direct cause of the following exception:

Traceback (most recent call last):
  File "C:\Users\zal80\blackbird\src\modules\utils\http_client.py", line 53, in do_async_request
    response = await session.request(
               ^^^^^^^^^^^^^^^^^^^^^^
    ...<9 lines>...
    )
    ^
  File "C:\Users\zal80\AppData\Local\Programs\Python\Python313\Lib\site-packages\aiohttp\client.py", line 770, in _request
    resp = await handler(req)
           ^^^^^^^^^^^^^^^^^^
  File "C:\Users\zal80\AppData\Local\Programs\Python\Python313\Lib\site-packages\aiohttp\client.py", line 725, in _connect_and_send_request
    conn = await self._connector.connect(
           ^^^^^^^^^^^^^^^^^^^^^^^^^^^^^^
        req, traces=traces, timeout=real_timeout
        ^^^^^^^^^^^^^^^^^^^^^^^^^^^^^^^^^^^^^^^^
    )
    ^
  File "C:\Users\zal80\AppData\Local\Programs\Python\Python313\Lib\site-packages\aiohttp\connector.py", line 622, in connect
    proto = await self._create_connection(req, traces, timeout)
            ^^^^^^^^^^^^^^^^^^^^^^^^^^^^^^^^^^^^^^^^^^^^^^^^^^^
  File "C:\Users\zal80\AppData\Local\Programs\Python\Python313\Lib\site-packages\aiohttp\connector.py", line 1189, in _create_connection
    _, proto = await self._create_direct_connection(req, traces, timeout)
               ^^^^^^^^^^^^^^^^^^^^^^^^^^^^^^^^^^^^^^^^^^^^^^^^^^^^^^^^^^
  File "C:\Users\zal80\AppData\Local\Programs\Python\Python313\Lib\site-packages\aiohttp\connector.py", line 1518, in _create_direct_connection
    raise ClientConnectorDNSError(req.connection_key, exc) from exc
aiohttp.client_exceptions.ClientConnectorDNSError: Cannot connect to host drum.io:443 ssl:False [getaddrinfo failed]

2025-09-01 02:47:46,385 - root - ERROR - Error in Async HTTP Request [GET] https://rblx.trade/api/v1/user/get-by-username?username=zal800 | Cannot connect to host rblx.trade:443 ssl:False [getaddrinfo failed]
2025-09-01 02:47:46,385 - root - ERROR - Traceback (most recent call last):
  File "C:\Users\zal80\AppData\Local\Programs\Python\Python313\Lib\site-packages\aiohttp\connector.py", line 1512, in _create_direct_connection
    hosts = await self._resolve_host(host, port, traces=traces)
            ^^^^^^^^^^^^^^^^^^^^^^^^^^^^^^^^^^^^^^^^^^^^^^^^^^^
  File "C:\Users\zal80\AppData\Local\Programs\Python\Python313\Lib\site-packages\aiohttp\connector.py", line 1128, in _resolve_host
    return await asyncio.shield(resolved_host_task)
           ^^^^^^^^^^^^^^^^^^^^^^^^^^^^^^^^^^^^^^^^
  File "C:\Users\zal80\AppData\Local\Programs\Python\Python313\Lib\site-packages\aiohttp\connector.py", line 1159, in _resolve_host_with_throttle
    addrs = await self._resolver.resolve(host, port, family=self._family)
            ^^^^^^^^^^^^^^^^^^^^^^^^^^^^^^^^^^^^^^^^^^^^^^^^^^^^^^^^^^^^^
  File "C:\Users\zal80\AppData\Local\Programs\Python\Python313\Lib\site-packages\aiohttp\resolver.py", line 40, in resolve
    infos = await self._loop.getaddrinfo(
            ^^^^^^^^^^^^^^^^^^^^^^^^^^^^^
    ...<5 lines>...
    )
    ^
  File "C:\Users\zal80\AppData\Local\Programs\Python\Python313\Lib\asyncio\base_events.py", line 939, in getaddrinfo
    return await self.run_in_executor(
           ^^^^^^^^^^^^^^^^^^^^^^^^^^^
        None, getaddr_func, host, port, family, type, proto, flags)
        ^^^^^^^^^^^^^^^^^^^^^^^^^^^^^^^^^^^^^^^^^^^^^^^^^^^^^^^^^^^
  File "C:\Users\zal80\AppData\Local\Programs\Python\Python313\Lib\concurrent\futures\thread.py", line 59, in run
    result = self.fn(*self.args, **self.kwargs)
  File "C:\Users\zal80\AppData\Local\Programs\Python\Python313\Lib\socket.py", line 977, in getaddrinfo
    for res in _socket.getaddrinfo(host, port, family, type, proto, flags):
               ~~~~~~~~~~~~~~~~~~~^^^^^^^^^^^^^^^^^^^^^^^^^^^^^^^^^^^^^^^^
socket.gaierror: [Errno 11001] getaddrinfo failed

The above exception was the direct cause of the following exception:

Traceback (most recent call last):
  File "C:\Users\zal80\blackbird\src\modules\utils\http_client.py", line 53, in do_async_request
    response = await session.request(
               ^^^^^^^^^^^^^^^^^^^^^^
    ...<9 lines>...
    )
    ^
  File "C:\Users\zal80\AppData\Local\Programs\Python\Python313\Lib\site-packages\aiohttp\client.py", line 770, in _request
    resp = await handler(req)
           ^^^^^^^^^^^^^^^^^^
  File "C:\Users\zal80\AppData\Local\Programs\Python\Python313\Lib\site-packages\aiohttp\client.py", line 725, in _connect_and_send_request
    conn = await self._connector.connect(
           ^^^^^^^^^^^^^^^^^^^^^^^^^^^^^^
        req, traces=traces, timeout=real_timeout
        ^^^^^^^^^^^^^^^^^^^^^^^^^^^^^^^^^^^^^^^^
    )
    ^
  File "C:\Users\zal80\AppData\Local\Programs\Python\Python313\Lib\site-packages\aiohttp\connector.py", line 622, in connect
    proto = await self._create_connection(req, traces, timeout)
            ^^^^^^^^^^^^^^^^^^^^^^^^^^^^^^^^^^^^^^^^^^^^^^^^^^^
  File "C:\Users\zal80\AppData\Local\Programs\Python\Python313\Lib\site-packages\aiohttp\connector.py", line 1189, in _create_connection
    _, proto = await self._create_direct_connection(req, traces, timeout)
               ^^^^^^^^^^^^^^^^^^^^^^^^^^^^^^^^^^^^^^^^^^^^^^^^^^^^^^^^^^
  File "C:\Users\zal80\AppData\Local\Programs\Python\Python313\Lib\site-packages\aiohttp\connector.py", line 1518, in _create_direct_connection
    raise ClientConnectorDNSError(req.connection_key, exc) from exc
aiohttp.client_exceptions.ClientConnectorDNSError: Cannot connect to host rblx.trade:443 ssl:False [getaddrinfo failed]

2025-09-01 02:47:48,197 - root - ERROR - Error in Async HTTP Request [GET] https://sexworker.com/api/profile/zal800 | Cannot connect to host sexworker.com:443 ssl:False [getaddrinfo failed]
2025-09-01 02:47:48,197 - root - ERROR - Traceback (most recent call last):
  File "C:\Users\zal80\AppData\Local\Programs\Python\Python313\Lib\site-packages\aiohttp\connector.py", line 1512, in _create_direct_connection
    hosts = await self._resolve_host(host, port, traces=traces)
            ^^^^^^^^^^^^^^^^^^^^^^^^^^^^^^^^^^^^^^^^^^^^^^^^^^^
  File "C:\Users\zal80\AppData\Local\Programs\Python\Python313\Lib\site-packages\aiohttp\connector.py", line 1128, in _resolve_host
    return await asyncio.shield(resolved_host_task)
           ^^^^^^^^^^^^^^^^^^^^^^^^^^^^^^^^^^^^^^^^
  File "C:\Users\zal80\AppData\Local\Programs\Python\Python313\Lib\site-packages\aiohttp\connector.py", line 1159, in _resolve_host_with_throttle
    addrs = await self._resolver.resolve(host, port, family=self._family)
            ^^^^^^^^^^^^^^^^^^^^^^^^^^^^^^^^^^^^^^^^^^^^^^^^^^^^^^^^^^^^^
  File "C:\Users\zal80\AppData\Local\Programs\Python\Python313\Lib\site-packages\aiohttp\resolver.py", line 40, in resolve
    infos = await self._loop.getaddrinfo(
            ^^^^^^^^^^^^^^^^^^^^^^^^^^^^^
    ...<5 lines>...
    )
    ^
  File "C:\Users\zal80\AppData\Local\Programs\Python\Python313\Lib\asyncio\base_events.py", line 939, in getaddrinfo
    return await self.run_in_executor(
           ^^^^^^^^^^^^^^^^^^^^^^^^^^^
        None, getaddr_func, host, port, family, type, proto, flags)
        ^^^^^^^^^^^^^^^^^^^^^^^^^^^^^^^^^^^^^^^^^^^^^^^^^^^^^^^^^^^
  File "C:\Users\zal80\AppData\Local\Programs\Python\Python313\Lib\concurrent\futures\thread.py", line 59, in run
    result = self.fn(*self.args, **self.kwargs)
  File "C:\Users\zal80\AppData\Local\Programs\Python\Python313\Lib\socket.py", line 977, in getaddrinfo
    for res in _socket.getaddrinfo(host, port, family, type, proto, flags):
               ~~~~~~~~~~~~~~~~~~~^^^^^^^^^^^^^^^^^^^^^^^^^^^^^^^^^^^^^^^^
socket.gaierror: [Errno 11001] getaddrinfo failed

The above exception was the direct cause of the following exception:

Traceback (most recent call last):
  File "C:\Users\zal80\blackbird\src\modules\utils\http_client.py", line 53, in do_async_request
    response = await session.request(
               ^^^^^^^^^^^^^^^^^^^^^^
    ...<9 lines>...
    )
    ^
  File "C:\Users\zal80\AppData\Local\Programs\Python\Python313\Lib\site-packages\aiohttp\client.py", line 770, in _request
    resp = await handler(req)
           ^^^^^^^^^^^^^^^^^^
  File "C:\Users\zal80\AppData\Local\Programs\Python\Python313\Lib\site-packages\aiohttp\client.py", line 725, in _connect_and_send_request
    conn = await self._connector.connect(
           ^^^^^^^^^^^^^^^^^^^^^^^^^^^^^^
        req, traces=traces, timeout=real_timeout
        ^^^^^^^^^^^^^^^^^^^^^^^^^^^^^^^^^^^^^^^^
    )
    ^
  File "C:\Users\zal80\AppData\Local\Programs\Python\Python313\Lib\site-packages\aiohttp\connector.py", line 622, in connect
    proto = await self._create_connection(req, traces, timeout)
            ^^^^^^^^^^^^^^^^^^^^^^^^^^^^^^^^^^^^^^^^^^^^^^^^^^^
  File "C:\Users\zal80\AppData\Local\Programs\Python\Python313\Lib\site-packages\aiohttp\connector.py", line 1189, in _create_connection
    _, proto = await self._create_direct_connection(req, traces, timeout)
               ^^^^^^^^^^^^^^^^^^^^^^^^^^^^^^^^^^^^^^^^^^^^^^^^^^^^^^^^^^
  File "C:\Users\zal80\AppData\Local\Programs\Python\Python313\Lib\site-packages\aiohttp\connector.py", line 1518, in _create_direct_connection
    raise ClientConnectorDNSError(req.connection_key, exc) from exc
aiohttp.client_exceptions.ClientConnectorDNSError: Cannot connect to host sexworker.com:443 ssl:False [getaddrinfo failed]

2025-09-01 02:47:48,564 - root - ERROR - Error in Async HTTP Request [GET] https://rf-archive.com/users.php?s_tag=zal800 | Cannot connect to host rf-archive.com:443 ssl:False [The remote computer refused the network connection]
2025-09-01 02:47:48,565 - root - ERROR - Traceback (most recent call last):
  File "C:\Users\zal80\AppData\Local\Programs\Python\Python313\Lib\site-packages\aiohttp\connector.py", line 1248, in _wrap_create_connection
    sock = await aiohappyeyeballs.start_connection(
           ^^^^^^^^^^^^^^^^^^^^^^^^^^^^^^^^^^^^^^^^
    ...<6 lines>...
    )
    ^
  File "C:\Users\zal80\AppData\Local\Programs\Python\Python313\Lib\site-packages\aiohappyeyeballs\impl.py", line 122, in start_connection
    raise first_exception
  File "C:\Users\zal80\AppData\Local\Programs\Python\Python313\Lib\site-packages\aiohappyeyeballs\impl.py", line 73, in start_connection
    sock = await _connect_sock(
           ^^^^^^^^^^^^^^^^^^^^
    ...<6 lines>...
    )
    ^
  File "C:\Users\zal80\AppData\Local\Programs\Python\Python313\Lib\site-packages\aiohappyeyeballs\impl.py", line 208, in _connect_sock
    await loop.sock_connect(sock, address)
  File "C:\Users\zal80\AppData\Local\Programs\Python\Python313\Lib\asyncio\proactor_events.py", line 726, in sock_connect
    return await self._proactor.connect(sock, address)
           ^^^^^^^^^^^^^^^^^^^^^^^^^^^^^^^^^^^^^^^^^^^
  File "C:\Users\zal80\AppData\Local\Programs\Python\Python313\Lib\asyncio\windows_events.py", line 804, in _poll
    value = callback(transferred, key, ov)
  File "C:\Users\zal80\AppData\Local\Programs\Python\Python313\Lib\asyncio\windows_events.py", line 600, in finish_connect
    ov.getresult()
    ~~~~~~~~~~~~^^
ConnectionRefusedError: [WinError 1225] The remote computer refused the network connection

The above exception was the direct cause of the following exception:

Traceback (most recent call last):
  File "C:\Users\zal80\blackbird\src\modules\utils\http_client.py", line 53, in do_async_request
    response = await session.request(
               ^^^^^^^^^^^^^^^^^^^^^^
    ...<9 lines>...
    )
    ^
  File "C:\Users\zal80\AppData\Local\Programs\Python\Python313\Lib\site-packages\aiohttp\client.py", line 770, in _request
    resp = await handler(req)
           ^^^^^^^^^^^^^^^^^^
  File "C:\Users\zal80\AppData\Local\Programs\Python\Python313\Lib\site-packages\aiohttp\client.py", line 725, in _connect_and_send_request
    conn = await self._connector.connect(
           ^^^^^^^^^^^^^^^^^^^^^^^^^^^^^^
        req, traces=traces, timeout=real_timeout
        ^^^^^^^^^^^^^^^^^^^^^^^^^^^^^^^^^^^^^^^^
    )
    ^
  File "C:\Users\zal80\AppData\Local\Programs\Python\Python313\Lib\site-packages\aiohttp\connector.py", line 622, in connect
    proto = await self._create_connection(req, traces, timeout)
            ^^^^^^^^^^^^^^^^^^^^^^^^^^^^^^^^^^^^^^^^^^^^^^^^^^^
  File "C:\Users\zal80\AppData\Local\Programs\Python\Python313\Lib\site-packages\aiohttp\connector.py", line 1189, in _create_connection
    _, proto = await self._create_direct_connection(req, traces, timeout)
               ^^^^^^^^^^^^^^^^^^^^^^^^^^^^^^^^^^^^^^^^^^^^^^^^^^^^^^^^^^
  File "C:\Users\zal80\AppData\Local\Programs\Python\Python313\Lib\site-packages\aiohttp\connector.py", line 1561, in _create_direct_connection
    raise last_exc
  File "C:\Users\zal80\AppData\Local\Programs\Python\Python313\Lib\site-packages\aiohttp\connector.py", line 1530, in _create_direct_connection
    transp, proto = await self._wrap_create_connection(
                    ^^^^^^^^^^^^^^^^^^^^^^^^^^^^^^^^^^^
    ...<7 lines>...
    )
    ^
  File "C:\Users\zal80\AppData\Local\Programs\Python\Python313\Lib\site-packages\aiohttp\connector.py", line 1271, in _wrap_create_connection
    raise client_error(req.connection_key, exc) from exc
aiohttp.client_exceptions.ClientConnectorError: Cannot connect to host rf-archive.com:443 ssl:False [The remote computer refused the network connection]

2025-09-01 02:47:48,682 - root - ERROR - Error in Async HTTP Request [GET] https://teddysgirls.net/models/zal800 | Cannot connect to host teddysgirls.net:443 ssl:False [getaddrinfo failed]
2025-09-01 02:47:48,682 - root - ERROR - Traceback (most recent call last):
  File "C:\Users\zal80\AppData\Local\Programs\Python\Python313\Lib\site-packages\aiohttp\connector.py", line 1512, in _create_direct_connection
    hosts = await self._resolve_host(host, port, traces=traces)
            ^^^^^^^^^^^^^^^^^^^^^^^^^^^^^^^^^^^^^^^^^^^^^^^^^^^
  File "C:\Users\zal80\AppData\Local\Programs\Python\Python313\Lib\site-packages\aiohttp\connector.py", line 1128, in _resolve_host
    return await asyncio.shield(resolved_host_task)
           ^^^^^^^^^^^^^^^^^^^^^^^^^^^^^^^^^^^^^^^^
  File "C:\Users\zal80\AppData\Local\Programs\Python\Python313\Lib\site-packages\aiohttp\connector.py", line 1159, in _resolve_host_with_throttle
    addrs = await self._resolver.resolve(host, port, family=self._family)
            ^^^^^^^^^^^^^^^^^^^^^^^^^^^^^^^^^^^^^^^^^^^^^^^^^^^^^^^^^^^^^
  File "C:\Users\zal80\AppData\Local\Programs\Python\Python313\Lib\site-packages\aiohttp\resolver.py", line 40, in resolve
    infos = await self._loop.getaddrinfo(
            ^^^^^^^^^^^^^^^^^^^^^^^^^^^^^
    ...<5 lines>...
    )
    ^
  File "C:\Users\zal80\AppData\Local\Programs\Python\Python313\Lib\asyncio\base_events.py", line 939, in getaddrinfo
    return await self.run_in_executor(
           ^^^^^^^^^^^^^^^^^^^^^^^^^^^
        None, getaddr_func, host, port, family, type, proto, flags)
        ^^^^^^^^^^^^^^^^^^^^^^^^^^^^^^^^^^^^^^^^^^^^^^^^^^^^^^^^^^^
  File "C:\Users\zal80\AppData\Local\Programs\Python\Python313\Lib\concurrent\futures\thread.py", line 59, in run
    result = self.fn(*self.args, **self.kwargs)
  File "C:\Users\zal80\AppData\Local\Programs\Python\Python313\Lib\socket.py", line 977, in getaddrinfo
    for res in _socket.getaddrinfo(host, port, family, type, proto, flags):
               ~~~~~~~~~~~~~~~~~~~^^^^^^^^^^^^^^^^^^^^^^^^^^^^^^^^^^^^^^^^
socket.gaierror: [Errno 11002] getaddrinfo failed

The above exception was the direct cause of the following exception:

Traceback (most recent call last):
  File "C:\Users\zal80\blackbird\src\modules\utils\http_client.py", line 53, in do_async_request
    response = await session.request(
               ^^^^^^^^^^^^^^^^^^^^^^
    ...<9 lines>...
    )
    ^
  File "C:\Users\zal80\AppData\Local\Programs\Python\Python313\Lib\site-packages\aiohttp\client.py", line 770, in _request
    resp = await handler(req)
           ^^^^^^^^^^^^^^^^^^
  File "C:\Users\zal80\AppData\Local\Programs\Python\Python313\Lib\site-packages\aiohttp\client.py", line 725, in _connect_and_send_request
    conn = await self._connector.connect(
           ^^^^^^^^^^^^^^^^^^^^^^^^^^^^^^
        req, traces=traces, timeout=real_timeout
        ^^^^^^^^^^^^^^^^^^^^^^^^^^^^^^^^^^^^^^^^
    )
    ^
  File "C:\Users\zal80\AppData\Local\Programs\Python\Python313\Lib\site-packages\aiohttp\connector.py", line 622, in connect
    proto = await self._create_connection(req, traces, timeout)
            ^^^^^^^^^^^^^^^^^^^^^^^^^^^^^^^^^^^^^^^^^^^^^^^^^^^
  File "C:\Users\zal80\AppData\Local\Programs\Python\Python313\Lib\site-packages\aiohttp\connector.py", line 1189, in _create_connection
    _, proto = await self._create_direct_connection(req, traces, timeout)
               ^^^^^^^^^^^^^^^^^^^^^^^^^^^^^^^^^^^^^^^^^^^^^^^^^^^^^^^^^^
  File "C:\Users\zal80\AppData\Local\Programs\Python\Python313\Lib\site-packages\aiohttp\connector.py", line 1518, in _create_direct_connection
    raise ClientConnectorDNSError(req.connection_key, exc) from exc
aiohttp.client_exceptions.ClientConnectorDNSError: Cannot connect to host teddysgirls.net:443 ssl:False [getaddrinfo failed]

2025-09-01 02:47:49,104 - root - ERROR - Error in Async HTTP Request [GET] https://friendfinder.com/profile/zal800 | Cannot connect to host friendfinder.com:443 ssl:False [[SSL: UNSAFE_LEGACY_RENEGOTIATION_DISABLED] unsafe legacy renegotiation disabled (_ssl.c:1028)]
2025-09-01 02:47:49,104 - root - ERROR - Traceback (most recent call last):
  File "C:\Users\zal80\AppData\Local\Programs\Python\Python313\Lib\site-packages\aiohttp\connector.py", line 1263, in _wrap_create_connection
    return await self._loop.create_connection(*args, **kwargs, sock=sock)
           ^^^^^^^^^^^^^^^^^^^^^^^^^^^^^^^^^^^^^^^^^^^^^^^^^^^^^^^^^^^^^^
  File "C:\Users\zal80\AppData\Local\Programs\Python\Python313\Lib\asyncio\base_events.py", line 1193, in create_connection
    transport, protocol = await self._create_connection_transport(
                          ^^^^^^^^^^^^^^^^^^^^^^^^^^^^^^^^^^^^^^^^
    ...<2 lines>...
        ssl_shutdown_timeout=ssl_shutdown_timeout)
        ^^^^^^^^^^^^^^^^^^^^^^^^^^^^^^^^^^^^^^^^^^
  File "C:\Users\zal80\AppData\Local\Programs\Python\Python313\Lib\asyncio\base_events.py", line 1226, in _create_connection_transport
    await waiter
  File "C:\Users\zal80\AppData\Local\Programs\Python\Python313\Lib\asyncio\sslproto.py", line 581, in _on_handshake_complete
    raise handshake_exc
  File "C:\Users\zal80\AppData\Local\Programs\Python\Python313\Lib\asyncio\sslproto.py", line 563, in _do_handshake
    self._sslobj.do_handshake()
    ~~~~~~~~~~~~~~~~~~~~~~~~~^^
  File "C:\Users\zal80\AppData\Local\Programs\Python\Python313\Lib\ssl.py", line 951, in do_handshake
    self._sslobj.do_handshake()
    ~~~~~~~~~~~~~~~~~~~~~~~~~^^
ssl.SSLError: [SSL: UNSAFE_LEGACY_RENEGOTIATION_DISABLED] unsafe legacy renegotiation disabled (_ssl.c:1028)

The above exception was the direct cause of the following exception:

Traceback (most recent call last):
  File "C:\Users\zal80\blackbird\src\modules\utils\http_client.py", line 53, in do_async_request
    response = await session.request(
               ^^^^^^^^^^^^^^^^^^^^^^
    ...<9 lines>...
    )
    ^
  File "C:\Users\zal80\AppData\Local\Programs\Python\Python313\Lib\site-packages\aiohttp\client.py", line 770, in _request
    resp = await handler(req)
           ^^^^^^^^^^^^^^^^^^
  File "C:\Users\zal80\AppData\Local\Programs\Python\Python313\Lib\site-packages\aiohttp\client.py", line 725, in _connect_and_send_request
    conn = await self._connector.connect(
           ^^^^^^^^^^^^^^^^^^^^^^^^^^^^^^
        req, traces=traces, timeout=real_timeout
        ^^^^^^^^^^^^^^^^^^^^^^^^^^^^^^^^^^^^^^^^
    )
    ^
  File "C:\Users\zal80\AppData\Local\Programs\Python\Python313\Lib\site-packages\aiohttp\connector.py", line 622, in connect
    proto = await self._create_connection(req, traces, timeout)
            ^^^^^^^^^^^^^^^^^^^^^^^^^^^^^^^^^^^^^^^^^^^^^^^^^^^
  File "C:\Users\zal80\AppData\Local\Programs\Python\Python313\Lib\site-packages\aiohttp\connector.py", line 1189, in _create_connection
    _, proto = await self._create_direct_connection(req, traces, timeout)
               ^^^^^^^^^^^^^^^^^^^^^^^^^^^^^^^^^^^^^^^^^^^^^^^^^^^^^^^^^^
  File "C:\Users\zal80\AppData\Local\Programs\Python\Python313\Lib\site-packages\aiohttp\connector.py", line 1561, in _create_direct_connection
    raise last_exc
  File "C:\Users\zal80\AppData\Local\Programs\Python\Python313\Lib\site-packages\aiohttp\connector.py", line 1530, in _create_direct_connection
    transp, proto = await self._wrap_create_connection(
                    ^^^^^^^^^^^^^^^^^^^^^^^^^^^^^^^^^^^
    ...<7 lines>...
    )
    ^
  File "C:\Users\zal80\AppData\Local\Programs\Python\Python313\Lib\site-packages\aiohttp\connector.py", line 1267, in _wrap_create_connection
    raise ClientConnectorSSLError(req.connection_key, exc) from exc
aiohttp.client_exceptions.ClientConnectorSSLError: Cannot connect to host friendfinder.com:443 ssl:False [[SSL: UNSAFE_LEGACY_RENEGOTIATION_DISABLED] unsafe legacy renegotiation disabled (_ssl.c:1028)]

2025-09-01 02:47:50,379 - root - ERROR - Error in Async HTTP Request [GET] https://cracked.io/zal800 | Cannot connect to host cracked.io:443 ssl:False [getaddrinfo failed]
2025-09-01 02:47:50,380 - root - ERROR - Traceback (most recent call last):
  File "C:\Users\zal80\AppData\Local\Programs\Python\Python313\Lib\site-packages\aiohttp\connector.py", line 1512, in _create_direct_connection
    hosts = await self._resolve_host(host, port, traces=traces)
            ^^^^^^^^^^^^^^^^^^^^^^^^^^^^^^^^^^^^^^^^^^^^^^^^^^^
  File "C:\Users\zal80\AppData\Local\Programs\Python\Python313\Lib\site-packages\aiohttp\connector.py", line 1128, in _resolve_host
    return await asyncio.shield(resolved_host_task)
           ^^^^^^^^^^^^^^^^^^^^^^^^^^^^^^^^^^^^^^^^
  File "C:\Users\zal80\AppData\Local\Programs\Python\Python313\Lib\site-packages\aiohttp\connector.py", line 1159, in _resolve_host_with_throttle
    addrs = await self._resolver.resolve(host, port, family=self._family)
            ^^^^^^^^^^^^^^^^^^^^^^^^^^^^^^^^^^^^^^^^^^^^^^^^^^^^^^^^^^^^^
  File "C:\Users\zal80\AppData\Local\Programs\Python\Python313\Lib\site-packages\aiohttp\resolver.py", line 40, in resolve
    infos = await self._loop.getaddrinfo(
            ^^^^^^^^^^^^^^^^^^^^^^^^^^^^^
    ...<5 lines>...
    )
    ^
  File "C:\Users\zal80\AppData\Local\Programs\Python\Python313\Lib\asyncio\base_events.py", line 939, in getaddrinfo
    return await self.run_in_executor(
           ^^^^^^^^^^^^^^^^^^^^^^^^^^^
        None, getaddr_func, host, port, family, type, proto, flags)
        ^^^^^^^^^^^^^^^^^^^^^^^^^^^^^^^^^^^^^^^^^^^^^^^^^^^^^^^^^^^
  File "C:\Users\zal80\AppData\Local\Programs\Python\Python313\Lib\concurrent\futures\thread.py", line 59, in run
    result = self.fn(*self.args, **self.kwargs)
  File "C:\Users\zal80\AppData\Local\Programs\Python\Python313\Lib\socket.py", line 977, in getaddrinfo
    for res in _socket.getaddrinfo(host, port, family, type, proto, flags):
               ~~~~~~~~~~~~~~~~~~~^^^^^^^^^^^^^^^^^^^^^^^^^^^^^^^^^^^^^^^^
socket.gaierror: [Errno 11002] getaddrinfo failed

The above exception was the direct cause of the following exception:

Traceback (most recent call last):
  File "C:\Users\zal80\blackbird\src\modules\utils\http_client.py", line 53, in do_async_request
    response = await session.request(
               ^^^^^^^^^^^^^^^^^^^^^^
    ...<9 lines>...
    )
    ^
  File "C:\Users\zal80\AppData\Local\Programs\Python\Python313\Lib\site-packages\aiohttp\client.py", line 770, in _request
    resp = await handler(req)
           ^^^^^^^^^^^^^^^^^^
  File "C:\Users\zal80\AppData\Local\Programs\Python\Python313\Lib\site-packages\aiohttp\client.py", line 725, in _connect_and_send_request
    conn = await self._connector.connect(
           ^^^^^^^^^^^^^^^^^^^^^^^^^^^^^^
        req, traces=traces, timeout=real_timeout
        ^^^^^^^^^^^^^^^^^^^^^^^^^^^^^^^^^^^^^^^^
    )
    ^
  File "C:\Users\zal80\AppData\Local\Programs\Python\Python313\Lib\site-packages\aiohttp\connector.py", line 622, in connect
    proto = await self._create_connection(req, traces, timeout)
            ^^^^^^^^^^^^^^^^^^^^^^^^^^^^^^^^^^^^^^^^^^^^^^^^^^^
  File "C:\Users\zal80\AppData\Local\Programs\Python\Python313\Lib\site-packages\aiohttp\connector.py", line 1189, in _create_connection
    _, proto = await self._create_direct_connection(req, traces, timeout)
               ^^^^^^^^^^^^^^^^^^^^^^^^^^^^^^^^^^^^^^^^^^^^^^^^^^^^^^^^^^
  File "C:\Users\zal80\AppData\Local\Programs\Python\Python313\Lib\site-packages\aiohttp\connector.py", line 1518, in _create_direct_connection
    raise ClientConnectorDNSError(req.connection_key, exc) from exc
aiohttp.client_exceptions.ClientConnectorDNSError: Cannot connect to host cracked.io:443 ssl:False [getaddrinfo failed]

2025-09-01 02:47:51,954 - root - ERROR - Error in Async HTTP Request [GET] https://www.gtainside.com/user/zal800 | Cannot connect to host www.gtainside.com:443 ssl:False [getaddrinfo failed]
2025-09-01 02:47:51,954 - root - ERROR - Traceback (most recent call last):
  File "C:\Users\zal80\AppData\Local\Programs\Python\Python313\Lib\site-packages\aiohttp\connector.py", line 1512, in _create_direct_connection
    hosts = await self._resolve_host(host, port, traces=traces)
            ^^^^^^^^^^^^^^^^^^^^^^^^^^^^^^^^^^^^^^^^^^^^^^^^^^^
  File "C:\Users\zal80\AppData\Local\Programs\Python\Python313\Lib\site-packages\aiohttp\connector.py", line 1128, in _resolve_host
    return await asyncio.shield(resolved_host_task)
           ^^^^^^^^^^^^^^^^^^^^^^^^^^^^^^^^^^^^^^^^
  File "C:\Users\zal80\AppData\Local\Programs\Python\Python313\Lib\site-packages\aiohttp\connector.py", line 1159, in _resolve_host_with_throttle
    addrs = await self._resolver.resolve(host, port, family=self._family)
            ^^^^^^^^^^^^^^^^^^^^^^^^^^^^^^^^^^^^^^^^^^^^^^^^^^^^^^^^^^^^^
  File "C:\Users\zal80\AppData\Local\Programs\Python\Python313\Lib\site-packages\aiohttp\resolver.py", line 40, in resolve
    infos = await self._loop.getaddrinfo(
            ^^^^^^^^^^^^^^^^^^^^^^^^^^^^^
    ...<5 lines>...
    )
    ^
  File "C:\Users\zal80\AppData\Local\Programs\Python\Python313\Lib\asyncio\base_events.py", line 939, in getaddrinfo
    return await self.run_in_executor(
           ^^^^^^^^^^^^^^^^^^^^^^^^^^^
        None, getaddr_func, host, port, family, type, proto, flags)
        ^^^^^^^^^^^^^^^^^^^^^^^^^^^^^^^^^^^^^^^^^^^^^^^^^^^^^^^^^^^
  File "C:\Users\zal80\AppData\Local\Programs\Python\Python313\Lib\concurrent\futures\thread.py", line 59, in run
    result = self.fn(*self.args, **self.kwargs)
  File "C:\Users\zal80\AppData\Local\Programs\Python\Python313\Lib\socket.py", line 977, in getaddrinfo
    for res in _socket.getaddrinfo(host, port, family, type, proto, flags):
               ~~~~~~~~~~~~~~~~~~~^^^^^^^^^^^^^^^^^^^^^^^^^^^^^^^^^^^^^^^^
socket.gaierror: [Errno 11001] getaddrinfo failed

The above exception was the direct cause of the following exception:

Traceback (most recent call last):
  File "C:\Users\zal80\blackbird\src\modules\utils\http_client.py", line 53, in do_async_request
    response = await session.request(
               ^^^^^^^^^^^^^^^^^^^^^^
    ...<9 lines>...
    )
    ^
  File "C:\Users\zal80\AppData\Local\Programs\Python\Python313\Lib\site-packages\aiohttp\client.py", line 770, in _request
    resp = await handler(req)
           ^^^^^^^^^^^^^^^^^^
  File "C:\Users\zal80\AppData\Local\Programs\Python\Python313\Lib\site-packages\aiohttp\client.py", line 725, in _connect_and_send_request
    conn = await self._connector.connect(
           ^^^^^^^^^^^^^^^^^^^^^^^^^^^^^^
        req, traces=traces, timeout=real_timeout
        ^^^^^^^^^^^^^^^^^^^^^^^^^^^^^^^^^^^^^^^^
    )
    ^
  File "C:\Users\zal80\AppData\Local\Programs\Python\Python313\Lib\site-packages\aiohttp\connector.py", line 622, in connect
    proto = await self._create_connection(req, traces, timeout)
            ^^^^^^^^^^^^^^^^^^^^^^^^^^^^^^^^^^^^^^^^^^^^^^^^^^^
  File "C:\Users\zal80\AppData\Local\Programs\Python\Python313\Lib\site-packages\aiohttp\connector.py", line 1189, in _create_connection
    _, proto = await self._create_direct_connection(req, traces, timeout)
               ^^^^^^^^^^^^^^^^^^^^^^^^^^^^^^^^^^^^^^^^^^^^^^^^^^^^^^^^^^
  File "C:\Users\zal80\AppData\Local\Programs\Python\Python313\Lib\site-packages\aiohttp\connector.py", line 1518, in _create_direct_connection
    raise ClientConnectorDNSError(req.connection_key, exc) from exc
aiohttp.client_exceptions.ClientConnectorDNSError: Cannot connect to host www.gtainside.com:443 ssl:False [getaddrinfo failed]

2025-09-01 02:47:53,601 - chardet.charsetprober - DEBUG - SHIFT_JIS Japanese prober hit error at byte 377
2025-09-01 02:47:53,601 - chardet.charsetprober - DEBUG - EUC-JP Japanese prober hit error at byte 377
2025-09-01 02:47:53,601 - chardet.charsetprober - DEBUG - GB2312 Chinese prober hit error at byte 377
2025-09-01 02:47:53,601 - chardet.charsetprober - DEBUG - EUC-KR Korean prober hit error at byte 377
2025-09-01 02:47:53,602 - chardet.charsetprober - DEBUG - CP949 Korean prober hit error at byte 377
2025-09-01 02:47:53,602 - chardet.charsetprober - DEBUG - Big5 Chinese prober hit error at byte 377
2025-09-01 02:47:53,602 - chardet.charsetprober - DEBUG - EUC-TW Taiwan prober hit error at byte 377
2025-09-01 02:47:53,602 - chardet.charsetprober - DEBUG - Johab Korean prober hit error at byte 377
2025-09-01 02:47:53,612 - chardet.charsetprober - DEBUG - windows-1251 Russian confidence = 0.012877541096307624
2025-09-01 02:47:53,612 - chardet.charsetprober - DEBUG - KOI8-R Russian confidence = 0.012877541096307624
2025-09-01 02:47:53,612 - chardet.charsetprober - DEBUG - ISO-8859-5 Russian confidence = 0.0
2025-09-01 02:47:53,612 - chardet.charsetprober - DEBUG - MacCyrillic Russian confidence = 0.02216032038138003
2025-09-01 02:47:53,612 - chardet.charsetprober - DEBUG - IBM866 Russian confidence = 0.0
2025-09-01 02:47:53,612 - chardet.charsetprober - DEBUG - IBM855 Russian confidence = 0.0
2025-09-01 02:47:53,612 - chardet.charsetprober - DEBUG - ISO-8859-7 Greek confidence = 0.020896821123915565
2025-09-01 02:47:53,612 - chardet.charsetprober - DEBUG - windows-1253 Greek confidence = 0.025257914327950205
2025-09-01 02:47:53,612 - chardet.charsetprober - DEBUG - ISO-8859-5 Bulgarian confidence = 0.0062686292664202795
2025-09-01 02:47:53,612 - chardet.charsetprober - DEBUG - windows-1251 Bulgarian confidence = 0.0
2025-09-01 02:47:53,612 - chardet.charsetprober - DEBUG - TIS-620 Thai confidence = 0.01
2025-09-01 02:47:53,612 - chardet.charsetprober - DEBUG - ISO-8859-9 Turkish confidence = 0.40002165578332294
2025-09-01 02:47:53,612 - chardet.charsetprober - DEBUG - ISO-8859-8 Hebrew confidence = 0.0
2025-09-01 02:47:53,612 - chardet.charsetprober - DEBUG - ISO-8859-8 Hebrew confidence = 0.05016178562460793
2025-09-01 02:47:53,612 - chardet.charsetprober - DEBUG - ISO-8859-8 Hebrew confidence = 0.046094613817207294
2025-09-01 02:47:55,232 - root - ERROR - Error in Async HTTP Request [GET] https://pokec.azet.sk/zal800 | Cannot connect to host pokec.azet.sk:443 ssl:False [The remote computer refused the network connection]
2025-09-01 02:47:55,232 - root - ERROR - Traceback (most recent call last):
  File "C:\Users\zal80\AppData\Local\Programs\Python\Python313\Lib\site-packages\aiohttp\connector.py", line 1248, in _wrap_create_connection
    sock = await aiohappyeyeballs.start_connection(
           ^^^^^^^^^^^^^^^^^^^^^^^^^^^^^^^^^^^^^^^^
    ...<6 lines>...
    )
    ^
  File "C:\Users\zal80\AppData\Local\Programs\Python\Python313\Lib\site-packages\aiohappyeyeballs\impl.py", line 122, in start_connection
    raise first_exception
  File "C:\Users\zal80\AppData\Local\Programs\Python\Python313\Lib\site-packages\aiohappyeyeballs\impl.py", line 73, in start_connection
    sock = await _connect_sock(
           ^^^^^^^^^^^^^^^^^^^^
    ...<6 lines>...
    )
    ^
  File "C:\Users\zal80\AppData\Local\Programs\Python\Python313\Lib\site-packages\aiohappyeyeballs\impl.py", line 208, in _connect_sock
    await loop.sock_connect(sock, address)
  File "C:\Users\zal80\AppData\Local\Programs\Python\Python313\Lib\asyncio\proactor_events.py", line 726, in sock_connect
    return await self._proactor.connect(sock, address)
           ^^^^^^^^^^^^^^^^^^^^^^^^^^^^^^^^^^^^^^^^^^^
  File "C:\Users\zal80\AppData\Local\Programs\Python\Python313\Lib\asyncio\windows_events.py", line 804, in _poll
    value = callback(transferred, key, ov)
  File "C:\Users\zal80\AppData\Local\Programs\Python\Python313\Lib\asyncio\windows_events.py", line 600, in finish_connect
    ov.getresult()
    ~~~~~~~~~~~~^^
ConnectionRefusedError: [WinError 1225] The remote computer refused the network connection

The above exception was the direct cause of the following exception:

Traceback (most recent call last):
  File "C:\Users\zal80\blackbird\src\modules\utils\http_client.py", line 53, in do_async_request
    response = await session.request(
               ^^^^^^^^^^^^^^^^^^^^^^
    ...<9 lines>...
    )
    ^
  File "C:\Users\zal80\AppData\Local\Programs\Python\Python313\Lib\site-packages\aiohttp\client.py", line 770, in _request
    resp = await handler(req)
           ^^^^^^^^^^^^^^^^^^
  File "C:\Users\zal80\AppData\Local\Programs\Python\Python313\Lib\site-packages\aiohttp\client.py", line 725, in _connect_and_send_request
    conn = await self._connector.connect(
           ^^^^^^^^^^^^^^^^^^^^^^^^^^^^^^
        req, traces=traces, timeout=real_timeout
        ^^^^^^^^^^^^^^^^^^^^^^^^^^^^^^^^^^^^^^^^
    )
    ^
  File "C:\Users\zal80\AppData\Local\Programs\Python\Python313\Lib\site-packages\aiohttp\connector.py", line 622, in connect
    proto = await self._create_connection(req, traces, timeout)
            ^^^^^^^^^^^^^^^^^^^^^^^^^^^^^^^^^^^^^^^^^^^^^^^^^^^
  File "C:\Users\zal80\AppData\Local\Programs\Python\Python313\Lib\site-packages\aiohttp\connector.py", line 1189, in _create_connection
    _, proto = await self._create_direct_connection(req, traces, timeout)
               ^^^^^^^^^^^^^^^^^^^^^^^^^^^^^^^^^^^^^^^^^^^^^^^^^^^^^^^^^^
  File "C:\Users\zal80\AppData\Local\Programs\Python\Python313\Lib\site-packages\aiohttp\connector.py", line 1561, in _create_direct_connection
    raise last_exc
  File "C:\Users\zal80\AppData\Local\Programs\Python\Python313\Lib\site-packages\aiohttp\connector.py", line 1530, in _create_direct_connection
    transp, proto = await self._wrap_create_connection(
                    ^^^^^^^^^^^^^^^^^^^^^^^^^^^^^^^^^^^
    ...<7 lines>...
    )
    ^
  File "C:\Users\zal80\AppData\Local\Programs\Python\Python313\Lib\site-packages\aiohttp\connector.py", line 1271, in _wrap_create_connection
    raise client_error(req.connection_key, exc) from exc
aiohttp.client_exceptions.ClientConnectorError: Cannot connect to host pokec.azet.sk:443 ssl:False [The remote computer refused the network connection]

2025-09-01 02:48:07,841 - root - ERROR - Error in Async HTTP Request [GET] https://imgsrc.ru/main/user.php?lang=ru&user=zal800 | Cannot connect to host imgsrc.ru:443 ssl:False [The semaphore timeout period has expired]
2025-09-01 02:48:07,841 - root - ERROR - Traceback (most recent call last):
  File "C:\Users\zal80\AppData\Local\Programs\Python\Python313\Lib\site-packages\aiohttp\connector.py", line 1248, in _wrap_create_connection
    sock = await aiohappyeyeballs.start_connection(
           ^^^^^^^^^^^^^^^^^^^^^^^^^^^^^^^^^^^^^^^^
    ...<6 lines>...
    )
    ^
  File "C:\Users\zal80\AppData\Local\Programs\Python\Python313\Lib\site-packages\aiohappyeyeballs\impl.py", line 122, in start_connection
    raise first_exception
  File "C:\Users\zal80\AppData\Local\Programs\Python\Python313\Lib\site-packages\aiohappyeyeballs\impl.py", line 73, in start_connection
    sock = await _connect_sock(
           ^^^^^^^^^^^^^^^^^^^^
    ...<6 lines>...
    )
    ^
  File "C:\Users\zal80\AppData\Local\Programs\Python\Python313\Lib\site-packages\aiohappyeyeballs\impl.py", line 208, in _connect_sock
    await loop.sock_connect(sock, address)
  File "C:\Users\zal80\AppData\Local\Programs\Python\Python313\Lib\asyncio\proactor_events.py", line 726, in sock_connect
    return await self._proactor.connect(sock, address)
           ^^^^^^^^^^^^^^^^^^^^^^^^^^^^^^^^^^^^^^^^^^^
  File "C:\Users\zal80\AppData\Local\Programs\Python\Python313\Lib\asyncio\windows_events.py", line 804, in _poll
    value = callback(transferred, key, ov)
  File "C:\Users\zal80\AppData\Local\Programs\Python\Python313\Lib\asyncio\windows_events.py", line 600, in finish_connect
    ov.getresult()
    ~~~~~~~~~~~~^^
OSError: [WinError 121] The semaphore timeout period has expired

The above exception was the direct cause of the following exception:

Traceback (most recent call last):
  File "C:\Users\zal80\blackbird\src\modules\utils\http_client.py", line 53, in do_async_request
    response = await session.request(
               ^^^^^^^^^^^^^^^^^^^^^^
    ...<9 lines>...
    )
    ^
  File "C:\Users\zal80\AppData\Local\Programs\Python\Python313\Lib\site-packages\aiohttp\client.py", line 770, in _request
    resp = await handler(req)
           ^^^^^^^^^^^^^^^^^^
  File "C:\Users\zal80\AppData\Local\Programs\Python\Python313\Lib\site-packages\aiohttp\client.py", line 725, in _connect_and_send_request
    conn = await self._connector.connect(
           ^^^^^^^^^^^^^^^^^^^^^^^^^^^^^^
        req, traces=traces, timeout=real_timeout
        ^^^^^^^^^^^^^^^^^^^^^^^^^^^^^^^^^^^^^^^^
    )
    ^
  File "C:\Users\zal80\AppData\Local\Programs\Python\Python313\Lib\site-packages\aiohttp\connector.py", line 622, in connect
    proto = await self._create_connection(req, traces, timeout)
            ^^^^^^^^^^^^^^^^^^^^^^^^^^^^^^^^^^^^^^^^^^^^^^^^^^^
  File "C:\Users\zal80\AppData\Local\Programs\Python\Python313\Lib\site-packages\aiohttp\connector.py", line 1189, in _create_connection
    _, proto = await self._create_direct_connection(req, traces, timeout)
               ^^^^^^^^^^^^^^^^^^^^^^^^^^^^^^^^^^^^^^^^^^^^^^^^^^^^^^^^^^
  File "C:\Users\zal80\AppData\Local\Programs\Python\Python313\Lib\site-packages\aiohttp\connector.py", line 1561, in _create_direct_connection
    raise last_exc
  File "C:\Users\zal80\AppData\Local\Programs\Python\Python313\Lib\site-packages\aiohttp\connector.py", line 1530, in _create_direct_connection
    transp, proto = await self._wrap_create_connection(
                    ^^^^^^^^^^^^^^^^^^^^^^^^^^^^^^^^^^^
    ...<7 lines>...
    )
    ^
  File "C:\Users\zal80\AppData\Local\Programs\Python\Python313\Lib\site-packages\aiohttp\connector.py", line 1271, in _wrap_create_connection
    raise client_error(req.connection_key, exc) from exc
aiohttp.client_exceptions.ClientConnectorError: Cannot connect to host imgsrc.ru:443 ssl:False [The semaphore timeout period has expired]

2025-09-01 02:48:13,905 - root - ERROR - Error in Async HTTP Request [GET] http://www.pokerstrategy.net/user/zal800/profile/ | Cannot connect to host www.pokerstrategy.net:80 ssl:False [The semaphore timeout period has expired]
2025-09-01 02:48:13,905 - root - ERROR - Traceback (most recent call last):
  File "C:\Users\zal80\AppData\Local\Programs\Python\Python313\Lib\site-packages\aiohttp\connector.py", line 1248, in _wrap_create_connection
    sock = await aiohappyeyeballs.start_connection(
           ^^^^^^^^^^^^^^^^^^^^^^^^^^^^^^^^^^^^^^^^
    ...<6 lines>...
    )
    ^
  File "C:\Users\zal80\AppData\Local\Programs\Python\Python313\Lib\site-packages\aiohappyeyeballs\impl.py", line 122, in start_connection
    raise first_exception
  File "C:\Users\zal80\AppData\Local\Programs\Python\Python313\Lib\site-packages\aiohappyeyeballs\impl.py", line 73, in start_connection
    sock = await _connect_sock(
           ^^^^^^^^^^^^^^^^^^^^
    ...<6 lines>...
    )
    ^
  File "C:\Users\zal80\AppData\Local\Programs\Python\Python313\Lib\site-packages\aiohappyeyeballs\impl.py", line 208, in _connect_sock
    await loop.sock_connect(sock, address)
  File "C:\Users\zal80\AppData\Local\Programs\Python\Python313\Lib\asyncio\proactor_events.py", line 726, in sock_connect
    return await self._proactor.connect(sock, address)
           ^^^^^^^^^^^^^^^^^^^^^^^^^^^^^^^^^^^^^^^^^^^
  File "C:\Users\zal80\AppData\Local\Programs\Python\Python313\Lib\asyncio\windows_events.py", line 804, in _poll
    value = callback(transferred, key, ov)
  File "C:\Users\zal80\AppData\Local\Programs\Python\Python313\Lib\asyncio\windows_events.py", line 600, in finish_connect
    ov.getresult()
    ~~~~~~~~~~~~^^
OSError: [WinError 121] The semaphore timeout period has expired

The above exception was the direct cause of the following exception:

Traceback (most recent call last):
  File "C:\Users\zal80\blackbird\src\modules\utils\http_client.py", line 53, in do_async_request
    response = await session.request(
               ^^^^^^^^^^^^^^^^^^^^^^
    ...<9 lines>...
    )
    ^
  File "C:\Users\zal80\AppData\Local\Programs\Python\Python313\Lib\site-packages\aiohttp\client.py", line 770, in _request
    resp = await handler(req)
           ^^^^^^^^^^^^^^^^^^
  File "C:\Users\zal80\AppData\Local\Programs\Python\Python313\Lib\site-packages\aiohttp\client.py", line 725, in _connect_and_send_request
    conn = await self._connector.connect(
           ^^^^^^^^^^^^^^^^^^^^^^^^^^^^^^
        req, traces=traces, timeout=real_timeout
        ^^^^^^^^^^^^^^^^^^^^^^^^^^^^^^^^^^^^^^^^
    )
    ^
  File "C:\Users\zal80\AppData\Local\Programs\Python\Python313\Lib\site-packages\aiohttp\connector.py", line 622, in connect
    proto = await self._create_connection(req, traces, timeout)
            ^^^^^^^^^^^^^^^^^^^^^^^^^^^^^^^^^^^^^^^^^^^^^^^^^^^
  File "C:\Users\zal80\AppData\Local\Programs\Python\Python313\Lib\site-packages\aiohttp\connector.py", line 1189, in _create_connection
    _, proto = await self._create_direct_connection(req, traces, timeout)
               ^^^^^^^^^^^^^^^^^^^^^^^^^^^^^^^^^^^^^^^^^^^^^^^^^^^^^^^^^^
  File "C:\Users\zal80\AppData\Local\Programs\Python\Python313\Lib\site-packages\aiohttp\connector.py", line 1561, in _create_direct_connection
    raise last_exc
  File "C:\Users\zal80\AppData\Local\Programs\Python\Python313\Lib\site-packages\aiohttp\connector.py", line 1530, in _create_direct_connection
    transp, proto = await self._wrap_create_connection(
                    ^^^^^^^^^^^^^^^^^^^^^^^^^^^^^^^^^^^
    ...<7 lines>...
    )
    ^
  File "C:\Users\zal80\AppData\Local\Programs\Python\Python313\Lib\site-packages\aiohttp\connector.py", line 1271, in _wrap_create_connection
    raise client_error(req.connection_key, exc) from exc
aiohttp.client_exceptions.ClientConnectorError: Cannot connect to host www.pokerstrategy.net:80 ssl:False [The semaphore timeout period has expired]

2025-09-01 02:48:20,674 - root - ERROR - Error in Async HTTP Request [GET] https://www.gigapan.com/profiles/zal800 | TimeoutError()
2025-09-01 02:48:20,674 - root - ERROR - Traceback (most recent call last):
  File "C:\Users\zal80\AppData\Local\Programs\Python\Python313\Lib\site-packages\aiohttp\client_reqrep.py", line 532, in start
    message, payload = await protocol.read()  # type: ignore[union-attr]
                       ^^^^^^^^^^^^^^^^^^^^^
  File "C:\Users\zal80\AppData\Local\Programs\Python\Python313\Lib\site-packages\aiohttp\streams.py", line 672, in read
    await self._waiter
asyncio.exceptions.CancelledError

The above exception was the direct cause of the following exception:

Traceback (most recent call last):
  File "C:\Users\zal80\blackbird\src\modules\utils\http_client.py", line 53, in do_async_request
    response = await session.request(
               ^^^^^^^^^^^^^^^^^^^^^^
    ...<9 lines>...
    )
    ^
  File "C:\Users\zal80\AppData\Local\Programs\Python\Python313\Lib\site-packages\aiohttp\client.py", line 770, in _request
    resp = await handler(req)
           ^^^^^^^^^^^^^^^^^^
  File "C:\Users\zal80\AppData\Local\Programs\Python\Python313\Lib\site-packages\aiohttp\client.py", line 748, in _connect_and_send_request
    await resp.start(conn)
  File "C:\Users\zal80\AppData\Local\Programs\Python\Python313\Lib\site-packages\aiohttp\client_reqrep.py", line 527, in start
    with self._timer:
         ^^^^^^^^^^^
  File "C:\Users\zal80\AppData\Local\Programs\Python\Python313\Lib\site-packages\aiohttp\helpers.py", line 685, in __exit__
    raise asyncio.TimeoutError from exc_val
TimeoutError

